sample_id,day_id,split,scenario,seed,input_start_minute,input_end_minute_exclusive,target_start_minute,target_end_minute_exclusive,horizon_minutes
train-morning-00-m010-h2,train-morning-00,train,morning,10000,0,10,10,12,2
train-morning-00-m011-h2,train-morning-00,train,morning,10000,1,11,11,13,2
train-morning-00-m012-h2,train-morning-00,train,morning,10000,2,12,12,14,2
train-morning-00-m013-h2,train-morning-00,train,morning,10000,3,13,13,15,2
train-morning-00-m014-h2,train-morning-00,train,morning,10000,4,14,14,16,2
train-morning-00-m015-h2,train-morning-00,train,morning,10000,5,15,15,17,2
train-morning-00-m016-h2,train-morning-00,train,morning,10000,6,16,16,18,2
train-morning-00-m017-h2,train-morning-00,train,morning,10000,7,17,17,19,2
train-morning-00-m018-h2,train-morning-00,train,morning,10000,8,18,18,20,2
train-morning-00-m019-h2,train-morning-00,train,morning,10000,9,19,19,21,2
train-morning-00-m020-h2,train-morning-00,train,morning,10000,10,20,20,22,2
train-morning-00-m021-h2,train-morning-00,train,morning,10000,11,21,21,23,2
train-morning-00-m022-h2,train-morning-00,train,morning,10000,12,22,22,24,2
train-morning-00-m023-h2,train-morning-00,train,morning,10000,13,23,23,25,2
train-morning-00-m024-h2,train-morning-00,train,morning,10000,14,24,24,26,2
train-morning-00-m025-h2,train-morning-00,train,morning,10000,15,25,25,27,2
train-morning-00-m026-h2,train-morning-00,train,morning,10000,16,26,26,28,2
train-morning-00-m027-h2,train-morning-00,train,morning,10000,17,27,27,29,2
train-morning-00-m028-h2,train-morning-00,train,morning,10000,18,28,28,30,2
train-morning-00-m029-h2,train-morning-00,train,morning,10000,19,29,29,31,2
train-morning-00-m030-h2,train-morning-00,train,morning,10000,20,30,30,32,2
train-morning-00-m031-h2,train-morning-00,train,morning,10000,21,31,31,33,2
train-morning-00-m032-h2,train-morning-00,train,morning,10000,22,32,32,34,2
train-morning-00-m033-h2,train-morning-00,train,morning,10000,23,33,33,35,2
train-morning-00-m034-h2,train-morning-00,train,morning,10000,24,34,34,36,2
train-morning-00-m035-h2,train-morning-00,train,morning,10000,25,35,35,37,2
train-morning-00-m036-h2,train-morning-00,train,morning,10000,26,36,36,38,2
train-morning-00-m037-h2,train-morning-00,train,morning,10000,27,37,37,39,2
train-morning-00-m038-h2,train-morning-00,train,morning,10000,28,38,38,40,2
train-morning-00-m039-h2,train-morning-00,train,morning,10000,29,39,39,41,2
train-morning-00-m040-h2,train-morning-00,train,morning,10000,30,40,40,42,2
train-morning-00-m041-h2,train-morning-00,train,morning,10000,31,41,41,43,2
train-morning-00-m042-h2,train-morning-00,train,morning,10000,32,42,42,44,2
train-morning-00-m043-h2,train-morning-00,train,morning,10000,33,43,43,45,2
train-morning-00-m044-h2,train-morning-00,train,morning,10000,34,44,44,46,2
train-morning-00-m045-h2,train-morning-00,train,morning,10000,35,45,45,47,2
train-morning-00-m046-h2,train-morning-00,train,morning,10000,36,46,46,48,2
train-morning-00-m047-h2,train-morning-00,train,morning,10000,37,47,47,49,2
train-morning-00-m048-h2,train-morning-00,train,morning,10000,38,48,48,50,2
train-morning-00-m049-h2,train-morning-00,train,morning,10000,39,49,49,51,2
train-morning-00-m050-h2,train-morning-00,train,morning,10000,40,50,50,52,2
train-morning-00-m051-h2,train-morning-00,train,morning,10000,41,51,51,53,2
train-morning-00-m052-h2,train-morning-00,train,morning,10000,42,52,52,54,2
train-morning-00-m053-h2,train-morning-00,train,morning,10000,43,53,53,55,2
train-morning-00-m054-h2,train-morning-00,train,morning,10000,44,54,54,56,2
train-morning-00-m055-h2,train-morning-00,train,morning,10000,45,55,55,57,2
train-morning-00-m056-h2,train-morning-00,train,morning,10000,46,56,56,58,2
train-morning-00-m057-h2,train-morning-00,train,morning,10000,47,57,57,59,2
train-morning-00-m058-h2,train-morning-00,train,morning,10000,48,58,58,60,2
train-morning-00-m059-h2,train-morning-00,train,morning,10000,49,59,59,61,2
train-morning-00-m060-h2,train-morning-00,train,morning,10000,50,60,60,62,2
train-morning-00-m061-h2,train-morning-00,train,morning,10000,51,61,61,63,2
train-morning-00-m062-h2,train-morning-00,train,morning,10000,52,62,62,64,2
train-morning-00-m063-h2,train-morning-00,train,morning,10000,53,63,63,65,2
train-morning-00-m064-h2,train-morning-00,train,morning,10000,54,64,64,66,2
train-morning-00-m065-h2,train-morning-00,train,morning,10000,55,65,65,67,2
train-morning-00-m066-h2,train-morning-00,train,morning,10000,56,66,66,68,2
train-morning-00-m067-h2,train-morning-00,train,morning,10000,57,67,67,69,2
train-morning-00-m068-h2,train-morning-00,train,morning,10000,58,68,68,70,2
train-morning-00-m069-h2,train-morning-00,train,morning,10000,59,69,69,71,2
train-morning-00-m070-h2,train-morning-00,train,morning,10000,60,70,70,72,2
train-morning-00-m071-h2,train-morning-00,train,morning,10000,61,71,71,73,2
train-morning-00-m072-h2,train-morning-00,train,morning,10000,62,72,72,74,2
train-morning-00-m073-h2,train-morning-00,train,morning,10000,63,73,73,75,2
train-morning-01-m010-h2,train-morning-01,train,morning,10001,0,10,10,12,2
train-morning-01-m011-h2,train-morning-01,train,morning,10001,1,11,11,13,2
train-morning-01-m012-h2,train-morning-01,train,morning,10001,2,12,12,14,2
train-morning-01-m013-h2,train-morning-01,train,morning,10001,3,13,13,15,2
train-morning-01-m014-h2,train-morning-01,train,morning,10001,4,14,14,16,2
train-morning-01-m015-h2,train-morning-01,train,morning,10001,5,15,15,17,2
train-morning-01-m016-h2,train-morning-01,train,morning,10001,6,16,16,18,2
train-morning-01-m017-h2,train-morning-01,train,morning,10001,7,17,17,19,2
train-morning-01-m018-h2,train-morning-01,train,morning,10001,8,18,18,20,2
train-morning-01-m019-h2,train-morning-01,train,morning,10001,9,19,19,21,2
train-morning-01-m020-h2,train-morning-01,train,morning,10001,10,20,20,22,2
train-morning-01-m021-h2,train-morning-01,train,morning,10001,11,21,21,23,2
train-morning-01-m022-h2,train-morning-01,train,morning,10001,12,22,22,24,2
train-morning-01-m023-h2,train-morning-01,train,morning,10001,13,23,23,25,2
train-morning-01-m024-h2,train-morning-01,train,morning,10001,14,24,24,26,2
train-morning-01-m025-h2,train-morning-01,train,morning,10001,15,25,25,27,2
train-morning-01-m026-h2,train-morning-01,train,morning,10001,16,26,26,28,2
train-morning-01-m027-h2,train-morning-01,train,morning,10001,17,27,27,29,2
train-morning-01-m028-h2,train-morning-01,train,morning,10001,18,28,28,30,2
train-morning-01-m029-h2,train-morning-01,train,morning,10001,19,29,29,31,2
train-morning-01-m030-h2,train-morning-01,train,morning,10001,20,30,30,32,2
train-morning-01-m031-h2,train-morning-01,train,morning,10001,21,31,31,33,2
train-morning-01-m032-h2,train-morning-01,train,morning,10001,22,32,32,34,2
train-morning-01-m033-h2,train-morning-01,train,morning,10001,23,33,33,35,2
train-morning-01-m034-h2,train-morning-01,train,morning,10001,24,34,34,36,2
train-morning-01-m035-h2,train-morning-01,train,morning,10001,25,35,35,37,2
train-morning-01-m036-h2,train-morning-01,train,morning,10001,26,36,36,38,2
train-morning-01-m037-h2,train-morning-01,train,morning,10001,27,37,37,39,2
train-morning-01-m038-h2,train-morning-01,train,morning,10001,28,38,38,40,2
train-morning-01-m039-h2,train-morning-01,train,morning,10001,29,39,39,41,2
train-morning-01-m040-h2,train-morning-01,train,morning,10001,30,40,40,42,2
train-morning-01-m041-h2,train-morning-01,train,morning,10001,31,41,41,43,2
train-morning-01-m042-h2,train-morning-01,train,morning,10001,32,42,42,44,2
train-morning-01-m043-h2,train-morning-01,train,morning,10001,33,43,43,45,2
train-morning-01-m044-h2,train-morning-01,train,morning,10001,34,44,44,46,2
train-morning-01-m045-h2,train-morning-01,train,morning,10001,35,45,45,47,2
train-morning-01-m046-h2,train-morning-01,train,morning,10001,36,46,46,48,2
train-morning-01-m047-h2,train-morning-01,train,morning,10001,37,47,47,49,2
train-morning-01-m048-h2,train-morning-01,train,morning,10001,38,48,48,50,2
train-morning-01-m049-h2,train-morning-01,train,morning,10001,39,49,49,51,2
train-morning-01-m050-h2,train-morning-01,train,morning,10001,40,50,50,52,2
train-morning-01-m051-h2,train-morning-01,train,morning,10001,41,51,51,53,2
train-morning-01-m052-h2,train-morning-01,train,morning,10001,42,52,52,54,2
train-morning-01-m053-h2,train-morning-01,train,morning,10001,43,53,53,55,2
train-morning-01-m054-h2,train-morning-01,train,morning,10001,44,54,54,56,2
train-morning-01-m055-h2,train-morning-01,train,morning,10001,45,55,55,57,2
train-morning-01-m056-h2,train-morning-01,train,morning,10001,46,56,56,58,2
train-morning-01-m057-h2,train-morning-01,train,morning,10001,47,57,57,59,2
train-morning-01-m058-h2,train-morning-01,train,morning,10001,48,58,58,60,2
train-morning-01-m059-h2,train-morning-01,train,morning,10001,49,59,59,61,2
train-morning-01-m060-h2,train-morning-01,train,morning,10001,50,60,60,62,2
train-morning-01-m061-h2,train-morning-01,train,morning,10001,51,61,61,63,2
train-morning-01-m062-h2,train-morning-01,train,morning,10001,52,62,62,64,2
train-morning-01-m063-h2,train-morning-01,train,morning,10001,53,63,63,65,2
train-morning-01-m064-h2,train-morning-01,train,morning,10001,54,64,64,66,2
train-morning-01-m065-h2,train-morning-01,train,morning,10001,55,65,65,67,2
train-morning-01-m066-h2,train-morning-01,train,morning,10001,56,66,66,68,2
train-morning-01-m067-h2,train-morning-01,train,morning,10001,57,67,67,69,2
train-morning-01-m068-h2,train-morning-01,train,morning,10001,58,68,68,70,2
train-morning-01-m069-h2,train-morning-01,train,morning,10001,59,69,69,71,2
train-morning-01-m070-h2,train-morning-01,train,morning,10001,60,70,70,72,2
train-morning-01-m071-h2,train-morning-01,train,morning,10001,61,71,71,73,2
train-morning-01-m072-h2,train-morning-01,train,morning,10001,62,72,72,74,2
train-morning-01-m073-h2,train-morning-01,train,morning,10001,63,73,73,75,2
train-morning-02-m010-h2,train-morning-02,train,morning,10002,0,10,10,12,2
train-morning-02-m011-h2,train-morning-02,train,morning,10002,1,11,11,13,2
train-morning-02-m012-h2,train-morning-02,train,morning,10002,2,12,12,14,2
train-morning-02-m013-h2,train-morning-02,train,morning,10002,3,13,13,15,2
train-morning-02-m014-h2,train-morning-02,train,morning,10002,4,14,14,16,2
train-morning-02-m015-h2,train-morning-02,train,morning,10002,5,15,15,17,2
train-morning-02-m016-h2,train-morning-02,train,morning,10002,6,16,16,18,2
train-morning-02-m017-h2,train-morning-02,train,morning,10002,7,17,17,19,2
train-morning-02-m018-h2,train-morning-02,train,morning,10002,8,18,18,20,2
train-morning-02-m019-h2,train-morning-02,train,morning,10002,9,19,19,21,2
train-morning-02-m020-h2,train-morning-02,train,morning,10002,10,20,20,22,2
train-morning-02-m021-h2,train-morning-02,train,morning,10002,11,21,21,23,2
train-morning-02-m022-h2,train-morning-02,train,morning,10002,12,22,22,24,2
train-morning-02-m023-h2,train-morning-02,train,morning,10002,13,23,23,25,2
train-morning-02-m024-h2,train-morning-02,train,morning,10002,14,24,24,26,2
train-morning-02-m025-h2,train-morning-02,train,morning,10002,15,25,25,27,2
train-morning-02-m026-h2,train-morning-02,train,morning,10002,16,26,26,28,2
train-morning-02-m027-h2,train-morning-02,train,morning,10002,17,27,27,29,2
train-morning-02-m028-h2,train-morning-02,train,morning,10002,18,28,28,30,2
train-morning-02-m029-h2,train-morning-02,train,morning,10002,19,29,29,31,2
train-morning-02-m030-h2,train-morning-02,train,morning,10002,20,30,30,32,2
train-morning-02-m031-h2,train-morning-02,train,morning,10002,21,31,31,33,2
train-morning-02-m032-h2,train-morning-02,train,morning,10002,22,32,32,34,2
train-morning-02-m033-h2,train-morning-02,train,morning,10002,23,33,33,35,2
train-morning-02-m034-h2,train-morning-02,train,morning,10002,24,34,34,36,2
train-morning-02-m035-h2,train-morning-02,train,morning,10002,25,35,35,37,2
train-morning-02-m036-h2,train-morning-02,train,morning,10002,26,36,36,38,2
train-morning-02-m037-h2,train-morning-02,train,morning,10002,27,37,37,39,2
train-morning-02-m038-h2,train-morning-02,train,morning,10002,28,38,38,40,2
train-morning-02-m039-h2,train-morning-02,train,morning,10002,29,39,39,41,2
train-morning-02-m040-h2,train-morning-02,train,morning,10002,30,40,40,42,2
train-morning-02-m041-h2,train-morning-02,train,morning,10002,31,41,41,43,2
train-morning-02-m042-h2,train-morning-02,train,morning,10002,32,42,42,44,2
train-morning-02-m043-h2,train-morning-02,train,morning,10002,33,43,43,45,2
train-morning-02-m044-h2,train-morning-02,train,morning,10002,34,44,44,46,2
train-morning-02-m045-h2,train-morning-02,train,morning,10002,35,45,45,47,2
train-morning-02-m046-h2,train-morning-02,train,morning,10002,36,46,46,48,2
train-morning-02-m047-h2,train-morning-02,train,morning,10002,37,47,47,49,2
train-morning-02-m048-h2,train-morning-02,train,morning,10002,38,48,48,50,2
train-morning-02-m049-h2,train-morning-02,train,morning,10002,39,49,49,51,2
train-morning-02-m050-h2,train-morning-02,train,morning,10002,40,50,50,52,2
train-morning-02-m051-h2,train-morning-02,train,morning,10002,41,51,51,53,2
train-morning-02-m052-h2,train-morning-02,train,morning,10002,42,52,52,54,2
train-morning-02-m053-h2,train-morning-02,train,morning,10002,43,53,53,55,2
train-morning-02-m054-h2,train-morning-02,train,morning,10002,44,54,54,56,2
train-morning-02-m055-h2,train-morning-02,train,morning,10002,45,55,55,57,2
train-morning-02-m056-h2,train-morning-02,train,morning,10002,46,56,56,58,2
train-morning-02-m057-h2,train-morning-02,train,morning,10002,47,57,57,59,2
train-morning-02-m058-h2,train-morning-02,train,morning,10002,48,58,58,60,2
train-morning-02-m059-h2,train-morning-02,train,morning,10002,49,59,59,61,2
train-morning-02-m060-h2,train-morning-02,train,morning,10002,50,60,60,62,2
train-morning-02-m061-h2,train-morning-02,train,morning,10002,51,61,61,63,2
train-morning-02-m062-h2,train-morning-02,train,morning,10002,52,62,62,64,2
train-morning-02-m063-h2,train-morning-02,train,morning,10002,53,63,63,65,2
train-morning-02-m064-h2,train-morning-02,train,morning,10002,54,64,64,66,2
train-morning-02-m065-h2,train-morning-02,train,morning,10002,55,65,65,67,2
train-morning-02-m066-h2,train-morning-02,train,morning,10002,56,66,66,68,2
train-morning-02-m067-h2,train-morning-02,train,morning,10002,57,67,67,69,2
train-morning-02-m068-h2,train-morning-02,train,morning,10002,58,68,68,70,2
train-morning-02-m069-h2,train-morning-02,train,morning,10002,59,69,69,71,2
train-morning-02-m070-h2,train-morning-02,train,morning,10002,60,70,70,72,2
train-morning-02-m071-h2,train-morning-02,train,morning,10002,61,71,71,73,2
train-morning-02-m072-h2,train-morning-02,train,morning,10002,62,72,72,74,2
train-morning-02-m073-h2,train-morning-02,train,morning,10002,63,73,73,75,2
train-morning-03-m010-h2,train-morning-03,train,morning,10003,0,10,10,12,2
train-morning-03-m011-h2,train-morning-03,train,morning,10003,1,11,11,13,2
train-morning-03-m012-h2,train-morning-03,train,morning,10003,2,12,12,14,2
train-morning-03-m013-h2,train-morning-03,train,morning,10003,3,13,13,15,2
train-morning-03-m014-h2,train-morning-03,train,morning,10003,4,14,14,16,2
train-morning-03-m015-h2,train-morning-03,train,morning,10003,5,15,15,17,2
train-morning-03-m016-h2,train-morning-03,train,morning,10003,6,16,16,18,2
train-morning-03-m017-h2,train-morning-03,train,morning,10003,7,17,17,19,2
train-morning-03-m018-h2,train-morning-03,train,morning,10003,8,18,18,20,2
train-morning-03-m019-h2,train-morning-03,train,morning,10003,9,19,19,21,2
train-morning-03-m020-h2,train-morning-03,train,morning,10003,10,20,20,22,2
train-morning-03-m021-h2,train-morning-03,train,morning,10003,11,21,21,23,2
train-morning-03-m022-h2,train-morning-03,train,morning,10003,12,22,22,24,2
train-morning-03-m023-h2,train-morning-03,train,morning,10003,13,23,23,25,2
train-morning-03-m024-h2,train-morning-03,train,morning,10003,14,24,24,26,2
train-morning-03-m025-h2,train-morning-03,train,morning,10003,15,25,25,27,2
train-morning-03-m026-h2,train-morning-03,train,morning,10003,16,26,26,28,2
train-morning-03-m027-h2,train-morning-03,train,morning,10003,17,27,27,29,2
train-morning-03-m028-h2,train-morning-03,train,morning,10003,18,28,28,30,2
train-morning-03-m029-h2,train-morning-03,train,morning,10003,19,29,29,31,2
train-morning-03-m030-h2,train-morning-03,train,morning,10003,20,30,30,32,2
train-morning-03-m031-h2,train-morning-03,train,morning,10003,21,31,31,33,2
train-morning-03-m032-h2,train-morning-03,train,morning,10003,22,32,32,34,2
train-morning-03-m033-h2,train-morning-03,train,morning,10003,23,33,33,35,2
train-morning-03-m034-h2,train-morning-03,train,morning,10003,24,34,34,36,2
train-morning-03-m035-h2,train-morning-03,train,morning,10003,25,35,35,37,2
train-morning-03-m036-h2,train-morning-03,train,morning,10003,26,36,36,38,2
train-morning-03-m037-h2,train-morning-03,train,morning,10003,27,37,37,39,2
train-morning-03-m038-h2,train-morning-03,train,morning,10003,28,38,38,40,2
train-morning-03-m039-h2,train-morning-03,train,morning,10003,29,39,39,41,2
train-morning-03-m040-h2,train-morning-03,train,morning,10003,30,40,40,42,2
train-morning-03-m041-h2,train-morning-03,train,morning,10003,31,41,41,43,2
train-morning-03-m042-h2,train-morning-03,train,morning,10003,32,42,42,44,2
train-morning-03-m043-h2,train-morning-03,train,morning,10003,33,43,43,45,2
train-morning-03-m044-h2,train-morning-03,train,morning,10003,34,44,44,46,2
train-morning-03-m045-h2,train-morning-03,train,morning,10003,35,45,45,47,2
train-morning-03-m046-h2,train-morning-03,train,morning,10003,36,46,46,48,2
train-morning-03-m047-h2,train-morning-03,train,morning,10003,37,47,47,49,2
train-morning-03-m048-h2,train-morning-03,train,morning,10003,38,48,48,50,2
train-morning-03-m049-h2,train-morning-03,train,morning,10003,39,49,49,51,2
train-morning-03-m050-h2,train-morning-03,train,morning,10003,40,50,50,52,2
train-morning-03-m051-h2,train-morning-03,train,morning,10003,41,51,51,53,2
train-morning-03-m052-h2,train-morning-03,train,morning,10003,42,52,52,54,2
train-morning-03-m053-h2,train-morning-03,train,morning,10003,43,53,53,55,2
train-morning-03-m054-h2,train-morning-03,train,morning,10003,44,54,54,56,2
train-morning-03-m055-h2,train-morning-03,train,morning,10003,45,55,55,57,2
train-morning-03-m056-h2,train-morning-03,train,morning,10003,46,56,56,58,2
train-morning-03-m057-h2,train-morning-03,train,morning,10003,47,57,57,59,2
train-morning-03-m058-h2,train-morning-03,train,morning,10003,48,58,58,60,2
train-morning-03-m059-h2,train-morning-03,train,morning,10003,49,59,59,61,2
train-morning-03-m060-h2,train-morning-03,train,morning,10003,50,60,60,62,2
train-morning-03-m061-h2,train-morning-03,train,morning,10003,51,61,61,63,2
train-morning-03-m062-h2,train-morning-03,train,morning,10003,52,62,62,64,2
train-morning-03-m063-h2,train-morning-03,train,morning,10003,53,63,63,65,2
train-morning-03-m064-h2,train-morning-03,train,morning,10003,54,64,64,66,2
train-morning-03-m065-h2,train-morning-03,train,morning,10003,55,65,65,67,2
train-morning-03-m066-h2,train-morning-03,train,morning,10003,56,66,66,68,2
train-morning-03-m067-h2,train-morning-03,train,morning,10003,57,67,67,69,2
train-morning-03-m068-h2,train-morning-03,train,morning,10003,58,68,68,70,2
train-morning-03-m069-h2,train-morning-03,train,morning,10003,59,69,69,71,2
train-morning-03-m070-h2,train-morning-03,train,morning,10003,60,70,70,72,2
train-morning-03-m071-h2,train-morning-03,train,morning,10003,61,71,71,73,2
train-morning-03-m072-h2,train-morning-03,train,morning,10003,62,72,72,74,2
train-morning-03-m073-h2,train-morning-03,train,morning,10003,63,73,73,75,2
train-morning-04-m010-h2,train-morning-04,train,morning,10004,0,10,10,12,2
train-morning-04-m011-h2,train-morning-04,train,morning,10004,1,11,11,13,2
train-morning-04-m012-h2,train-morning-04,train,morning,10004,2,12,12,14,2
train-morning-04-m013-h2,train-morning-04,train,morning,10004,3,13,13,15,2
train-morning-04-m014-h2,train-morning-04,train,morning,10004,4,14,14,16,2
train-morning-04-m015-h2,train-morning-04,train,morning,10004,5,15,15,17,2
train-morning-04-m016-h2,train-morning-04,train,morning,10004,6,16,16,18,2
train-morning-04-m017-h2,train-morning-04,train,morning,10004,7,17,17,19,2
train-morning-04-m018-h2,train-morning-04,train,morning,10004,8,18,18,20,2
train-morning-04-m019-h2,train-morning-04,train,morning,10004,9,19,19,21,2
train-morning-04-m020-h2,train-morning-04,train,morning,10004,10,20,20,22,2
train-morning-04-m021-h2,train-morning-04,train,morning,10004,11,21,21,23,2
train-morning-04-m022-h2,train-morning-04,train,morning,10004,12,22,22,24,2
train-morning-04-m023-h2,train-morning-04,train,morning,10004,13,23,23,25,2
train-morning-04-m024-h2,train-morning-04,train,morning,10004,14,24,24,26,2
train-morning-04-m025-h2,train-morning-04,train,morning,10004,15,25,25,27,2
train-morning-04-m026-h2,train-morning-04,train,morning,10004,16,26,26,28,2
train-morning-04-m027-h2,train-morning-04,train,morning,10004,17,27,27,29,2
train-morning-04-m028-h2,train-morning-04,train,morning,10004,18,28,28,30,2
train-morning-04-m029-h2,train-morning-04,train,morning,10004,19,29,29,31,2
train-morning-04-m030-h2,train-morning-04,train,morning,10004,20,30,30,32,2
train-morning-04-m031-h2,train-morning-04,train,morning,10004,21,31,31,33,2
train-morning-04-m032-h2,train-morning-04,train,morning,10004,22,32,32,34,2
train-morning-04-m033-h2,train-morning-04,train,morning,10004,23,33,33,35,2
train-morning-04-m034-h2,train-morning-04,train,morning,10004,24,34,34,36,2
train-morning-04-m035-h2,train-morning-04,train,morning,10004,25,35,35,37,2
train-morning-04-m036-h2,train-morning-04,train,morning,10004,26,36,36,38,2
train-morning-04-m037-h2,train-morning-04,train,morning,10004,27,37,37,39,2
train-morning-04-m038-h2,train-morning-04,train,morning,10004,28,38,38,40,2
train-morning-04-m039-h2,train-morning-04,train,morning,10004,29,39,39,41,2
train-morning-04-m040-h2,train-morning-04,train,morning,10004,30,40,40,42,2
train-morning-04-m041-h2,train-morning-04,train,morning,10004,31,41,41,43,2
train-morning-04-m042-h2,train-morning-04,train,morning,10004,32,42,42,44,2
train-morning-04-m043-h2,train-morning-04,train,morning,10004,33,43,43,45,2
train-morning-04-m044-h2,train-morning-04,train,morning,10004,34,44,44,46,2
train-morning-04-m045-h2,train-morning-04,train,morning,10004,35,45,45,47,2
train-morning-04-m046-h2,train-morning-04,train,morning,10004,36,46,46,48,2
train-morning-04-m047-h2,train-morning-04,train,morning,10004,37,47,47,49,2
train-morning-04-m048-h2,train-morning-04,train,morning,10004,38,48,48,50,2
train-morning-04-m049-h2,train-morning-04,train,morning,10004,39,49,49,51,2
train-morning-04-m050-h2,train-morning-04,train,morning,10004,40,50,50,52,2
train-morning-04-m051-h2,train-morning-04,train,morning,10004,41,51,51,53,2
train-morning-04-m052-h2,train-morning-04,train,morning,10004,42,52,52,54,2
train-morning-04-m053-h2,train-morning-04,train,morning,10004,43,53,53,55,2
train-morning-04-m054-h2,train-morning-04,train,morning,10004,44,54,54,56,2
train-morning-04-m055-h2,train-morning-04,train,morning,10004,45,55,55,57,2
train-morning-04-m056-h2,train-morning-04,train,morning,10004,46,56,56,58,2
train-morning-04-m057-h2,train-morning-04,train,morning,10004,47,57,57,59,2
train-morning-04-m058-h2,train-morning-04,train,morning,10004,48,58,58,60,2
train-morning-04-m059-h2,train-morning-04,train,morning,10004,49,59,59,61,2
train-morning-04-m060-h2,train-morning-04,train,morning,10004,50,60,60,62,2
train-morning-04-m061-h2,train-morning-04,train,morning,10004,51,61,61,63,2
train-morning-04-m062-h2,train-morning-04,train,morning,10004,52,62,62,64,2
train-morning-04-m063-h2,train-morning-04,train,morning,10004,53,63,63,65,2
train-morning-04-m064-h2,train-morning-04,train,morning,10004,54,64,64,66,2
train-morning-04-m065-h2,train-morning-04,train,morning,10004,55,65,65,67,2
train-morning-04-m066-h2,train-morning-04,train,morning,10004,56,66,66,68,2
train-morning-04-m067-h2,train-morning-04,train,morning,10004,57,67,67,69,2
train-morning-04-m068-h2,train-morning-04,train,morning,10004,58,68,68,70,2
train-morning-04-m069-h2,train-morning-04,train,morning,10004,59,69,69,71,2
train-morning-04-m070-h2,train-morning-04,train,morning,10004,60,70,70,72,2
train-morning-04-m071-h2,train-morning-04,train,morning,10004,61,71,71,73,2
train-morning-04-m072-h2,train-morning-04,train,morning,10004,62,72,72,74,2
train-morning-04-m073-h2,train-morning-04,train,morning,10004,63,73,73,75,2
train-morning-05-m010-h2,train-morning-05,train,morning,10005,0,10,10,12,2
train-morning-05-m011-h2,train-morning-05,train,morning,10005,1,11,11,13,2
train-morning-05-m012-h2,train-morning-05,train,morning,10005,2,12,12,14,2
train-morning-05-m013-h2,train-morning-05,train,morning,10005,3,13,13,15,2
train-morning-05-m014-h2,train-morning-05,train,morning,10005,4,14,14,16,2
train-morning-05-m015-h2,train-morning-05,train,morning,10005,5,15,15,17,2
train-morning-05-m016-h2,train-morning-05,train,morning,10005,6,16,16,18,2
train-morning-05-m017-h2,train-morning-05,train,morning,10005,7,17,17,19,2
train-morning-05-m018-h2,train-morning-05,train,morning,10005,8,18,18,20,2
train-morning-05-m019-h2,train-morning-05,train,morning,10005,9,19,19,21,2
train-morning-05-m020-h2,train-morning-05,train,morning,10005,10,20,20,22,2
train-morning-05-m021-h2,train-morning-05,train,morning,10005,11,21,21,23,2
train-morning-05-m022-h2,train-morning-05,train,morning,10005,12,22,22,24,2
train-morning-05-m023-h2,train-morning-05,train,morning,10005,13,23,23,25,2
train-morning-05-m024-h2,train-morning-05,train,morning,10005,14,24,24,26,2
train-morning-05-m025-h2,train-morning-05,train,morning,10005,15,25,25,27,2
train-morning-05-m026-h2,train-morning-05,train,morning,10005,16,26,26,28,2
train-morning-05-m027-h2,train-morning-05,train,morning,10005,17,27,27,29,2
train-morning-05-m028-h2,train-morning-05,train,morning,10005,18,28,28,30,2
train-morning-05-m029-h2,train-morning-05,train,morning,10005,19,29,29,31,2
train-morning-05-m030-h2,train-morning-05,train,morning,10005,20,30,30,32,2
train-morning-05-m031-h2,train-morning-05,train,morning,10005,21,31,31,33,2
train-morning-05-m032-h2,train-morning-05,train,morning,10005,22,32,32,34,2
train-morning-05-m033-h2,train-morning-05,train,morning,10005,23,33,33,35,2
train-morning-05-m034-h2,train-morning-05,train,morning,10005,24,34,34,36,2
train-morning-05-m035-h2,train-morning-05,train,morning,10005,25,35,35,37,2
train-morning-05-m036-h2,train-morning-05,train,morning,10005,26,36,36,38,2
train-morning-05-m037-h2,train-morning-05,train,morning,10005,27,37,37,39,2
train-morning-05-m038-h2,train-morning-05,train,morning,10005,28,38,38,40,2
train-morning-05-m039-h2,train-morning-05,train,morning,10005,29,39,39,41,2
train-morning-05-m040-h2,train-morning-05,train,morning,10005,30,40,40,42,2
train-morning-05-m041-h2,train-morning-05,train,morning,10005,31,41,41,43,2
train-morning-05-m042-h2,train-morning-05,train,morning,10005,32,42,42,44,2
train-morning-05-m043-h2,train-morning-05,train,morning,10005,33,43,43,45,2
train-morning-05-m044-h2,train-morning-05,train,morning,10005,34,44,44,46,2
train-morning-05-m045-h2,train-morning-05,train,morning,10005,35,45,45,47,2
train-morning-05-m046-h2,train-morning-05,train,morning,10005,36,46,46,48,2
train-morning-05-m047-h2,train-morning-05,train,morning,10005,37,47,47,49,2
train-morning-05-m048-h2,train-morning-05,train,morning,10005,38,48,48,50,2
train-morning-05-m049-h2,train-morning-05,train,morning,10005,39,49,49,51,2
train-morning-05-m050-h2,train-morning-05,train,morning,10005,40,50,50,52,2
train-morning-05-m051-h2,train-morning-05,train,morning,10005,41,51,51,53,2
train-morning-05-m052-h2,train-morning-05,train,morning,10005,42,52,52,54,2
train-morning-05-m053-h2,train-morning-05,train,morning,10005,43,53,53,55,2
train-morning-05-m054-h2,train-morning-05,train,morning,10005,44,54,54,56,2
train-morning-05-m055-h2,train-morning-05,train,morning,10005,45,55,55,57,2
train-morning-05-m056-h2,train-morning-05,train,morning,10005,46,56,56,58,2
train-morning-05-m057-h2,train-morning-05,train,morning,10005,47,57,57,59,2
train-morning-05-m058-h2,train-morning-05,train,morning,10005,48,58,58,60,2
train-morning-05-m059-h2,train-morning-05,train,morning,10005,49,59,59,61,2
train-morning-05-m060-h2,train-morning-05,train,morning,10005,50,60,60,62,2
train-morning-05-m061-h2,train-morning-05,train,morning,10005,51,61,61,63,2
train-morning-05-m062-h2,train-morning-05,train,morning,10005,52,62,62,64,2
train-morning-05-m063-h2,train-morning-05,train,morning,10005,53,63,63,65,2
train-morning-05-m064-h2,train-morning-05,train,morning,10005,54,64,64,66,2
train-morning-05-m065-h2,train-morning-05,train,morning,10005,55,65,65,67,2
train-morning-05-m066-h2,train-morning-05,train,morning,10005,56,66,66,68,2
train-morning-05-m067-h2,train-morning-05,train,morning,10005,57,67,67,69,2
train-morning-05-m068-h2,train-morning-05,train,morning,10005,58,68,68,70,2
train-morning-05-m069-h2,train-morning-05,train,morning,10005,59,69,69,71,2
train-morning-05-m070-h2,train-morning-05,train,morning,10005,60,70,70,72,2
train-morning-05-m071-h2,train-morning-05,train,morning,10005,61,71,71,73,2
train-morning-05-m072-h2,train-morning-05,train,morning,10005,62,72,72,74,2
train-morning-05-m073-h2,train-morning-05,train,morning,10005,63,73,73,75,2
train-morning-06-m010-h2,train-morning-06,train,morning,10006,0,10,10,12,2
train-morning-06-m011-h2,train-morning-06,train,morning,10006,1,11,11,13,2
train-morning-06-m012-h2,train-morning-06,train,morning,10006,2,12,12,14,2
train-morning-06-m013-h2,train-morning-06,train,morning,10006,3,13,13,15,2
train-morning-06-m014-h2,train-morning-06,train,morning,10006,4,14,14,16,2
train-morning-06-m015-h2,train-morning-06,train,morning,10006,5,15,15,17,2
train-morning-06-m016-h2,train-morning-06,train,morning,10006,6,16,16,18,2
train-morning-06-m017-h2,train-morning-06,train,morning,10006,7,17,17,19,2
train-morning-06-m018-h2,train-morning-06,train,morning,10006,8,18,18,20,2
train-morning-06-m019-h2,train-morning-06,train,morning,10006,9,19,19,21,2
train-morning-06-m020-h2,train-morning-06,train,morning,10006,10,20,20,22,2
train-morning-06-m021-h2,train-morning-06,train,morning,10006,11,21,21,23,2
train-morning-06-m022-h2,train-morning-06,train,morning,10006,12,22,22,24,2
train-morning-06-m023-h2,train-morning-06,train,morning,10006,13,23,23,25,2
train-morning-06-m024-h2,train-morning-06,train,morning,10006,14,24,24,26,2
train-morning-06-m025-h2,train-morning-06,train,morning,10006,15,25,25,27,2
train-morning-06-m026-h2,train-morning-06,train,morning,10006,16,26,26,28,2
train-morning-06-m027-h2,train-morning-06,train,morning,10006,17,27,27,29,2
train-morning-06-m028-h2,train-morning-06,train,morning,10006,18,28,28,30,2
train-morning-06-m029-h2,train-morning-06,train,morning,10006,19,29,29,31,2
train-morning-06-m030-h2,train-morning-06,train,morning,10006,20,30,30,32,2
train-morning-06-m031-h2,train-morning-06,train,morning,10006,21,31,31,33,2
train-morning-06-m032-h2,train-morning-06,train,morning,10006,22,32,32,34,2
train-morning-06-m033-h2,train-morning-06,train,morning,10006,23,33,33,35,2
train-morning-06-m034-h2,train-morning-06,train,morning,10006,24,34,34,36,2
train-morning-06-m035-h2,train-morning-06,train,morning,10006,25,35,35,37,2
train-morning-06-m036-h2,train-morning-06,train,morning,10006,26,36,36,38,2
train-morning-06-m037-h2,train-morning-06,train,morning,10006,27,37,37,39,2
train-morning-06-m038-h2,train-morning-06,train,morning,10006,28,38,38,40,2
train-morning-06-m039-h2,train-morning-06,train,morning,10006,29,39,39,41,2
train-morning-06-m040-h2,train-morning-06,train,morning,10006,30,40,40,42,2
train-morning-06-m041-h2,train-morning-06,train,morning,10006,31,41,41,43,2
train-morning-06-m042-h2,train-morning-06,train,morning,10006,32,42,42,44,2
train-morning-06-m043-h2,train-morning-06,train,morning,10006,33,43,43,45,2
train-morning-06-m044-h2,train-morning-06,train,morning,10006,34,44,44,46,2
train-morning-06-m045-h2,train-morning-06,train,morning,10006,35,45,45,47,2
train-morning-06-m046-h2,train-morning-06,train,morning,10006,36,46,46,48,2
train-morning-06-m047-h2,train-morning-06,train,morning,10006,37,47,47,49,2
train-morning-06-m048-h2,train-morning-06,train,morning,10006,38,48,48,50,2
train-morning-06-m049-h2,train-morning-06,train,morning,10006,39,49,49,51,2
train-morning-06-m050-h2,train-morning-06,train,morning,10006,40,50,50,52,2
train-morning-06-m051-h2,train-morning-06,train,morning,10006,41,51,51,53,2
train-morning-06-m052-h2,train-morning-06,train,morning,10006,42,52,52,54,2
train-morning-06-m053-h2,train-morning-06,train,morning,10006,43,53,53,55,2
train-morning-06-m054-h2,train-morning-06,train,morning,10006,44,54,54,56,2
train-morning-06-m055-h2,train-morning-06,train,morning,10006,45,55,55,57,2
train-morning-06-m056-h2,train-morning-06,train,morning,10006,46,56,56,58,2
train-morning-06-m057-h2,train-morning-06,train,morning,10006,47,57,57,59,2
train-morning-06-m058-h2,train-morning-06,train,morning,10006,48,58,58,60,2
train-morning-06-m059-h2,train-morning-06,train,morning,10006,49,59,59,61,2
train-morning-06-m060-h2,train-morning-06,train,morning,10006,50,60,60,62,2
train-morning-06-m061-h2,train-morning-06,train,morning,10006,51,61,61,63,2
train-morning-06-m062-h2,train-morning-06,train,morning,10006,52,62,62,64,2
train-morning-06-m063-h2,train-morning-06,train,morning,10006,53,63,63,65,2
train-morning-06-m064-h2,train-morning-06,train,morning,10006,54,64,64,66,2
train-morning-06-m065-h2,train-morning-06,train,morning,10006,55,65,65,67,2
train-morning-06-m066-h2,train-morning-06,train,morning,10006,56,66,66,68,2
train-morning-06-m067-h2,train-morning-06,train,morning,10006,57,67,67,69,2
train-morning-06-m068-h2,train-morning-06,train,morning,10006,58,68,68,70,2
train-morning-06-m069-h2,train-morning-06,train,morning,10006,59,69,69,71,2
train-morning-06-m070-h2,train-morning-06,train,morning,10006,60,70,70,72,2
train-morning-06-m071-h2,train-morning-06,train,morning,10006,61,71,71,73,2
train-morning-06-m072-h2,train-morning-06,train,morning,10006,62,72,72,74,2
train-morning-06-m073-h2,train-morning-06,train,morning,10006,63,73,73,75,2
train-morning-07-m010-h2,train-morning-07,train,morning,10007,0,10,10,12,2
train-morning-07-m011-h2,train-morning-07,train,morning,10007,1,11,11,13,2
train-morning-07-m012-h2,train-morning-07,train,morning,10007,2,12,12,14,2
train-morning-07-m013-h2,train-morning-07,train,morning,10007,3,13,13,15,2
train-morning-07-m014-h2,train-morning-07,train,morning,10007,4,14,14,16,2
train-morning-07-m015-h2,train-morning-07,train,morning,10007,5,15,15,17,2
train-morning-07-m016-h2,train-morning-07,train,morning,10007,6,16,16,18,2
train-morning-07-m017-h2,train-morning-07,train,morning,10007,7,17,17,19,2
train-morning-07-m018-h2,train-morning-07,train,morning,10007,8,18,18,20,2
train-morning-07-m019-h2,train-morning-07,train,morning,10007,9,19,19,21,2
train-morning-07-m020-h2,train-morning-07,train,morning,10007,10,20,20,22,2
train-morning-07-m021-h2,train-morning-07,train,morning,10007,11,21,21,23,2
train-morning-07-m022-h2,train-morning-07,train,morning,10007,12,22,22,24,2
train-morning-07-m023-h2,train-morning-07,train,morning,10007,13,23,23,25,2
train-morning-07-m024-h2,train-morning-07,train,morning,10007,14,24,24,26,2
train-morning-07-m025-h2,train-morning-07,train,morning,10007,15,25,25,27,2
train-morning-07-m026-h2,train-morning-07,train,morning,10007,16,26,26,28,2
train-morning-07-m027-h2,train-morning-07,train,morning,10007,17,27,27,29,2
train-morning-07-m028-h2,train-morning-07,train,morning,10007,18,28,28,30,2
train-morning-07-m029-h2,train-morning-07,train,morning,10007,19,29,29,31,2
train-morning-07-m030-h2,train-morning-07,train,morning,10007,20,30,30,32,2
train-morning-07-m031-h2,train-morning-07,train,morning,10007,21,31,31,33,2
train-morning-07-m032-h2,train-morning-07,train,morning,10007,22,32,32,34,2
train-morning-07-m033-h2,train-morning-07,train,morning,10007,23,33,33,35,2
train-morning-07-m034-h2,train-morning-07,train,morning,10007,24,34,34,36,2
train-morning-07-m035-h2,train-morning-07,train,morning,10007,25,35,35,37,2
train-morning-07-m036-h2,train-morning-07,train,morning,10007,26,36,36,38,2
train-morning-07-m037-h2,train-morning-07,train,morning,10007,27,37,37,39,2
train-morning-07-m038-h2,train-morning-07,train,morning,10007,28,38,38,40,2
train-morning-07-m039-h2,train-morning-07,train,morning,10007,29,39,39,41,2
train-morning-07-m040-h2,train-morning-07,train,morning,10007,30,40,40,42,2
train-morning-07-m041-h2,train-morning-07,train,morning,10007,31,41,41,43,2
train-morning-07-m042-h2,train-morning-07,train,morning,10007,32,42,42,44,2
train-morning-07-m043-h2,train-morning-07,train,morning,10007,33,43,43,45,2
train-morning-07-m044-h2,train-morning-07,train,morning,10007,34,44,44,46,2
train-morning-07-m045-h2,train-morning-07,train,morning,10007,35,45,45,47,2
train-morning-07-m046-h2,train-morning-07,train,morning,10007,36,46,46,48,2
train-morning-07-m047-h2,train-morning-07,train,morning,10007,37,47,47,49,2
train-morning-07-m048-h2,train-morning-07,train,morning,10007,38,48,48,50,2
train-morning-07-m049-h2,train-morning-07,train,morning,10007,39,49,49,51,2
train-morning-07-m050-h2,train-morning-07,train,morning,10007,40,50,50,52,2
train-morning-07-m051-h2,train-morning-07,train,morning,10007,41,51,51,53,2
train-morning-07-m052-h2,train-morning-07,train,morning,10007,42,52,52,54,2
train-morning-07-m053-h2,train-morning-07,train,morning,10007,43,53,53,55,2
train-morning-07-m054-h2,train-morning-07,train,morning,10007,44,54,54,56,2
train-morning-07-m055-h2,train-morning-07,train,morning,10007,45,55,55,57,2
train-morning-07-m056-h2,train-morning-07,train,morning,10007,46,56,56,58,2
train-morning-07-m057-h2,train-morning-07,train,morning,10007,47,57,57,59,2
train-morning-07-m058-h2,train-morning-07,train,morning,10007,48,58,58,60,2
train-morning-07-m059-h2,train-morning-07,train,morning,10007,49,59,59,61,2
train-morning-07-m060-h2,train-morning-07,train,morning,10007,50,60,60,62,2
train-morning-07-m061-h2,train-morning-07,train,morning,10007,51,61,61,63,2
train-morning-07-m062-h2,train-morning-07,train,morning,10007,52,62,62,64,2
train-morning-07-m063-h2,train-morning-07,train,morning,10007,53,63,63,65,2
train-morning-07-m064-h2,train-morning-07,train,morning,10007,54,64,64,66,2
train-morning-07-m065-h2,train-morning-07,train,morning,10007,55,65,65,67,2
train-morning-07-m066-h2,train-morning-07,train,morning,10007,56,66,66,68,2
train-morning-07-m067-h2,train-morning-07,train,morning,10007,57,67,67,69,2
train-morning-07-m068-h2,train-morning-07,train,morning,10007,58,68,68,70,2
train-morning-07-m069-h2,train-morning-07,train,morning,10007,59,69,69,71,2
train-morning-07-m070-h2,train-morning-07,train,morning,10007,60,70,70,72,2
train-morning-07-m071-h2,train-morning-07,train,morning,10007,61,71,71,73,2
train-morning-07-m072-h2,train-morning-07,train,morning,10007,62,72,72,74,2
train-morning-07-m073-h2,train-morning-07,train,morning,10007,63,73,73,75,2
train-morning-08-m010-h2,train-morning-08,train,morning,10008,0,10,10,12,2
train-morning-08-m011-h2,train-morning-08,train,morning,10008,1,11,11,13,2
train-morning-08-m012-h2,train-morning-08,train,morning,10008,2,12,12,14,2
train-morning-08-m013-h2,train-morning-08,train,morning,10008,3,13,13,15,2
train-morning-08-m014-h2,train-morning-08,train,morning,10008,4,14,14,16,2
train-morning-08-m015-h2,train-morning-08,train,morning,10008,5,15,15,17,2
train-morning-08-m016-h2,train-morning-08,train,morning,10008,6,16,16,18,2
train-morning-08-m017-h2,train-morning-08,train,morning,10008,7,17,17,19,2
train-morning-08-m018-h2,train-morning-08,train,morning,10008,8,18,18,20,2
train-morning-08-m019-h2,train-morning-08,train,morning,10008,9,19,19,21,2
train-morning-08-m020-h2,train-morning-08,train,morning,10008,10,20,20,22,2
train-morning-08-m021-h2,train-morning-08,train,morning,10008,11,21,21,23,2
train-morning-08-m022-h2,train-morning-08,train,morning,10008,12,22,22,24,2
train-morning-08-m023-h2,train-morning-08,train,morning,10008,13,23,23,25,2
train-morning-08-m024-h2,train-morning-08,train,morning,10008,14,24,24,26,2
train-morning-08-m025-h2,train-morning-08,train,morning,10008,15,25,25,27,2
train-morning-08-m026-h2,train-morning-08,train,morning,10008,16,26,26,28,2
train-morning-08-m027-h2,train-morning-08,train,morning,10008,17,27,27,29,2
train-morning-08-m028-h2,train-morning-08,train,morning,10008,18,28,28,30,2
train-morning-08-m029-h2,train-morning-08,train,morning,10008,19,29,29,31,2
train-morning-08-m030-h2,train-morning-08,train,morning,10008,20,30,30,32,2
train-morning-08-m031-h2,train-morning-08,train,morning,10008,21,31,31,33,2
train-morning-08-m032-h2,train-morning-08,train,morning,10008,22,32,32,34,2
train-morning-08-m033-h2,train-morning-08,train,morning,10008,23,33,33,35,2
train-morning-08-m034-h2,train-morning-08,train,morning,10008,24,34,34,36,2
train-morning-08-m035-h2,train-morning-08,train,morning,10008,25,35,35,37,2
train-morning-08-m036-h2,train-morning-08,train,morning,10008,26,36,36,38,2
train-morning-08-m037-h2,train-morning-08,train,morning,10008,27,37,37,39,2
train-morning-08-m038-h2,train-morning-08,train,morning,10008,28,38,38,40,2
train-morning-08-m039-h2,train-morning-08,train,morning,10008,29,39,39,41,2
train-morning-08-m040-h2,train-morning-08,train,morning,10008,30,40,40,42,2
train-morning-08-m041-h2,train-morning-08,train,morning,10008,31,41,41,43,2
train-morning-08-m042-h2,train-morning-08,train,morning,10008,32,42,42,44,2
train-morning-08-m043-h2,train-morning-08,train,morning,10008,33,43,43,45,2
train-morning-08-m044-h2,train-morning-08,train,morning,10008,34,44,44,46,2
train-morning-08-m045-h2,train-morning-08,train,morning,10008,35,45,45,47,2
train-morning-08-m046-h2,train-morning-08,train,morning,10008,36,46,46,48,2
train-morning-08-m047-h2,train-morning-08,train,morning,10008,37,47,47,49,2
train-morning-08-m048-h2,train-morning-08,train,morning,10008,38,48,48,50,2
train-morning-08-m049-h2,train-morning-08,train,morning,10008,39,49,49,51,2
train-morning-08-m050-h2,train-morning-08,train,morning,10008,40,50,50,52,2
train-morning-08-m051-h2,train-morning-08,train,morning,10008,41,51,51,53,2
train-morning-08-m052-h2,train-morning-08,train,morning,10008,42,52,52,54,2
train-morning-08-m053-h2,train-morning-08,train,morning,10008,43,53,53,55,2
train-morning-08-m054-h2,train-morning-08,train,morning,10008,44,54,54,56,2
train-morning-08-m055-h2,train-morning-08,train,morning,10008,45,55,55,57,2
train-morning-08-m056-h2,train-morning-08,train,morning,10008,46,56,56,58,2
train-morning-08-m057-h2,train-morning-08,train,morning,10008,47,57,57,59,2
train-morning-08-m058-h2,train-morning-08,train,morning,10008,48,58,58,60,2
train-morning-08-m059-h2,train-morning-08,train,morning,10008,49,59,59,61,2
train-morning-08-m060-h2,train-morning-08,train,morning,10008,50,60,60,62,2
train-morning-08-m061-h2,train-morning-08,train,morning,10008,51,61,61,63,2
train-morning-08-m062-h2,train-morning-08,train,morning,10008,52,62,62,64,2
train-morning-08-m063-h2,train-morning-08,train,morning,10008,53,63,63,65,2
train-morning-08-m064-h2,train-morning-08,train,morning,10008,54,64,64,66,2
train-morning-08-m065-h2,train-morning-08,train,morning,10008,55,65,65,67,2
train-morning-08-m066-h2,train-morning-08,train,morning,10008,56,66,66,68,2
train-morning-08-m067-h2,train-morning-08,train,morning,10008,57,67,67,69,2
train-morning-08-m068-h2,train-morning-08,train,morning,10008,58,68,68,70,2
train-morning-08-m069-h2,train-morning-08,train,morning,10008,59,69,69,71,2
train-morning-08-m070-h2,train-morning-08,train,morning,10008,60,70,70,72,2
train-morning-08-m071-h2,train-morning-08,train,morning,10008,61,71,71,73,2
train-morning-08-m072-h2,train-morning-08,train,morning,10008,62,72,72,74,2
train-morning-08-m073-h2,train-morning-08,train,morning,10008,63,73,73,75,2
train-morning-09-m010-h2,train-morning-09,train,morning,10009,0,10,10,12,2
train-morning-09-m011-h2,train-morning-09,train,morning,10009,1,11,11,13,2
train-morning-09-m012-h2,train-morning-09,train,morning,10009,2,12,12,14,2
train-morning-09-m013-h2,train-morning-09,train,morning,10009,3,13,13,15,2
train-morning-09-m014-h2,train-morning-09,train,morning,10009,4,14,14,16,2
train-morning-09-m015-h2,train-morning-09,train,morning,10009,5,15,15,17,2
train-morning-09-m016-h2,train-morning-09,train,morning,10009,6,16,16,18,2
train-morning-09-m017-h2,train-morning-09,train,morning,10009,7,17,17,19,2
train-morning-09-m018-h2,train-morning-09,train,morning,10009,8,18,18,20,2
train-morning-09-m019-h2,train-morning-09,train,morning,10009,9,19,19,21,2
train-morning-09-m020-h2,train-morning-09,train,morning,10009,10,20,20,22,2
train-morning-09-m021-h2,train-morning-09,train,morning,10009,11,21,21,23,2
train-morning-09-m022-h2,train-morning-09,train,morning,10009,12,22,22,24,2
train-morning-09-m023-h2,train-morning-09,train,morning,10009,13,23,23,25,2
train-morning-09-m024-h2,train-morning-09,train,morning,10009,14,24,24,26,2
train-morning-09-m025-h2,train-morning-09,train,morning,10009,15,25,25,27,2
train-morning-09-m026-h2,train-morning-09,train,morning,10009,16,26,26,28,2
train-morning-09-m027-h2,train-morning-09,train,morning,10009,17,27,27,29,2
train-morning-09-m028-h2,train-morning-09,train,morning,10009,18,28,28,30,2
train-morning-09-m029-h2,train-morning-09,train,morning,10009,19,29,29,31,2
train-morning-09-m030-h2,train-morning-09,train,morning,10009,20,30,30,32,2
train-morning-09-m031-h2,train-morning-09,train,morning,10009,21,31,31,33,2
train-morning-09-m032-h2,train-morning-09,train,morning,10009,22,32,32,34,2
train-morning-09-m033-h2,train-morning-09,train,morning,10009,23,33,33,35,2
train-morning-09-m034-h2,train-morning-09,train,morning,10009,24,34,34,36,2
train-morning-09-m035-h2,train-morning-09,train,morning,10009,25,35,35,37,2
train-morning-09-m036-h2,train-morning-09,train,morning,10009,26,36,36,38,2
train-morning-09-m037-h2,train-morning-09,train,morning,10009,27,37,37,39,2
train-morning-09-m038-h2,train-morning-09,train,morning,10009,28,38,38,40,2
train-morning-09-m039-h2,train-morning-09,train,morning,10009,29,39,39,41,2
train-morning-09-m040-h2,train-morning-09,train,morning,10009,30,40,40,42,2
train-morning-09-m041-h2,train-morning-09,train,morning,10009,31,41,41,43,2
train-morning-09-m042-h2,train-morning-09,train,morning,10009,32,42,42,44,2
train-morning-09-m043-h2,train-morning-09,train,morning,10009,33,43,43,45,2
train-morning-09-m044-h2,train-morning-09,train,morning,10009,34,44,44,46,2
train-morning-09-m045-h2,train-morning-09,train,morning,10009,35,45,45,47,2
train-morning-09-m046-h2,train-morning-09,train,morning,10009,36,46,46,48,2
train-morning-09-m047-h2,train-morning-09,train,morning,10009,37,47,47,49,2
train-morning-09-m048-h2,train-morning-09,train,morning,10009,38,48,48,50,2
train-morning-09-m049-h2,train-morning-09,train,morning,10009,39,49,49,51,2
train-morning-09-m050-h2,train-morning-09,train,morning,10009,40,50,50,52,2
train-morning-09-m051-h2,train-morning-09,train,morning,10009,41,51,51,53,2
train-morning-09-m052-h2,train-morning-09,train,morning,10009,42,52,52,54,2
train-morning-09-m053-h2,train-morning-09,train,morning,10009,43,53,53,55,2
train-morning-09-m054-h2,train-morning-09,train,morning,10009,44,54,54,56,2
train-morning-09-m055-h2,train-morning-09,train,morning,10009,45,55,55,57,2
train-morning-09-m056-h2,train-morning-09,train,morning,10009,46,56,56,58,2
train-morning-09-m057-h2,train-morning-09,train,morning,10009,47,57,57,59,2
train-morning-09-m058-h2,train-morning-09,train,morning,10009,48,58,58,60,2
train-morning-09-m059-h2,train-morning-09,train,morning,10009,49,59,59,61,2
train-morning-09-m060-h2,train-morning-09,train,morning,10009,50,60,60,62,2
train-morning-09-m061-h2,train-morning-09,train,morning,10009,51,61,61,63,2
train-morning-09-m062-h2,train-morning-09,train,morning,10009,52,62,62,64,2
train-morning-09-m063-h2,train-morning-09,train,morning,10009,53,63,63,65,2
train-morning-09-m064-h2,train-morning-09,train,morning,10009,54,64,64,66,2
train-morning-09-m065-h2,train-morning-09,train,morning,10009,55,65,65,67,2
train-morning-09-m066-h2,train-morning-09,train,morning,10009,56,66,66,68,2
train-morning-09-m067-h2,train-morning-09,train,morning,10009,57,67,67,69,2
train-morning-09-m068-h2,train-morning-09,train,morning,10009,58,68,68,70,2
train-morning-09-m069-h2,train-morning-09,train,morning,10009,59,69,69,71,2
train-morning-09-m070-h2,train-morning-09,train,morning,10009,60,70,70,72,2
train-morning-09-m071-h2,train-morning-09,train,morning,10009,61,71,71,73,2
train-morning-09-m072-h2,train-morning-09,train,morning,10009,62,72,72,74,2
train-morning-09-m073-h2,train-morning-09,train,morning,10009,63,73,73,75,2
train-lunch-00-m010-h2,train-lunch-00,train,lunch,10010,0,10,10,12,2
train-lunch-00-m011-h2,train-lunch-00,train,lunch,10010,1,11,11,13,2
train-lunch-00-m012-h2,train-lunch-00,train,lunch,10010,2,12,12,14,2
train-lunch-00-m013-h2,train-lunch-00,train,lunch,10010,3,13,13,15,2
train-lunch-00-m014-h2,train-lunch-00,train,lunch,10010,4,14,14,16,2
train-lunch-00-m015-h2,train-lunch-00,train,lunch,10010,5,15,15,17,2
train-lunch-00-m016-h2,train-lunch-00,train,lunch,10010,6,16,16,18,2
train-lunch-00-m017-h2,train-lunch-00,train,lunch,10010,7,17,17,19,2
train-lunch-00-m018-h2,train-lunch-00,train,lunch,10010,8,18,18,20,2
train-lunch-00-m019-h2,train-lunch-00,train,lunch,10010,9,19,19,21,2
train-lunch-00-m020-h2,train-lunch-00,train,lunch,10010,10,20,20,22,2
train-lunch-00-m021-h2,train-lunch-00,train,lunch,10010,11,21,21,23,2
train-lunch-00-m022-h2,train-lunch-00,train,lunch,10010,12,22,22,24,2
train-lunch-00-m023-h2,train-lunch-00,train,lunch,10010,13,23,23,25,2
train-lunch-00-m024-h2,train-lunch-00,train,lunch,10010,14,24,24,26,2
train-lunch-00-m025-h2,train-lunch-00,train,lunch,10010,15,25,25,27,2
train-lunch-00-m026-h2,train-lunch-00,train,lunch,10010,16,26,26,28,2
train-lunch-00-m027-h2,train-lunch-00,train,lunch,10010,17,27,27,29,2
train-lunch-00-m028-h2,train-lunch-00,train,lunch,10010,18,28,28,30,2
train-lunch-00-m029-h2,train-lunch-00,train,lunch,10010,19,29,29,31,2
train-lunch-00-m030-h2,train-lunch-00,train,lunch,10010,20,30,30,32,2
train-lunch-00-m031-h2,train-lunch-00,train,lunch,10010,21,31,31,33,2
train-lunch-00-m032-h2,train-lunch-00,train,lunch,10010,22,32,32,34,2
train-lunch-00-m033-h2,train-lunch-00,train,lunch,10010,23,33,33,35,2
train-lunch-00-m034-h2,train-lunch-00,train,lunch,10010,24,34,34,36,2
train-lunch-00-m035-h2,train-lunch-00,train,lunch,10010,25,35,35,37,2
train-lunch-00-m036-h2,train-lunch-00,train,lunch,10010,26,36,36,38,2
train-lunch-00-m037-h2,train-lunch-00,train,lunch,10010,27,37,37,39,2
train-lunch-00-m038-h2,train-lunch-00,train,lunch,10010,28,38,38,40,2
train-lunch-00-m039-h2,train-lunch-00,train,lunch,10010,29,39,39,41,2
train-lunch-00-m040-h2,train-lunch-00,train,lunch,10010,30,40,40,42,2
train-lunch-00-m041-h2,train-lunch-00,train,lunch,10010,31,41,41,43,2
train-lunch-00-m042-h2,train-lunch-00,train,lunch,10010,32,42,42,44,2
train-lunch-00-m043-h2,train-lunch-00,train,lunch,10010,33,43,43,45,2
train-lunch-00-m044-h2,train-lunch-00,train,lunch,10010,34,44,44,46,2
train-lunch-00-m045-h2,train-lunch-00,train,lunch,10010,35,45,45,47,2
train-lunch-00-m046-h2,train-lunch-00,train,lunch,10010,36,46,46,48,2
train-lunch-00-m047-h2,train-lunch-00,train,lunch,10010,37,47,47,49,2
train-lunch-00-m048-h2,train-lunch-00,train,lunch,10010,38,48,48,50,2
train-lunch-00-m049-h2,train-lunch-00,train,lunch,10010,39,49,49,51,2
train-lunch-00-m050-h2,train-lunch-00,train,lunch,10010,40,50,50,52,2
train-lunch-00-m051-h2,train-lunch-00,train,lunch,10010,41,51,51,53,2
train-lunch-00-m052-h2,train-lunch-00,train,lunch,10010,42,52,52,54,2
train-lunch-00-m053-h2,train-lunch-00,train,lunch,10010,43,53,53,55,2
train-lunch-00-m054-h2,train-lunch-00,train,lunch,10010,44,54,54,56,2
train-lunch-00-m055-h2,train-lunch-00,train,lunch,10010,45,55,55,57,2
train-lunch-00-m056-h2,train-lunch-00,train,lunch,10010,46,56,56,58,2
train-lunch-00-m057-h2,train-lunch-00,train,lunch,10010,47,57,57,59,2
train-lunch-00-m058-h2,train-lunch-00,train,lunch,10010,48,58,58,60,2
train-lunch-00-m059-h2,train-lunch-00,train,lunch,10010,49,59,59,61,2
train-lunch-00-m060-h2,train-lunch-00,train,lunch,10010,50,60,60,62,2
train-lunch-00-m061-h2,train-lunch-00,train,lunch,10010,51,61,61,63,2
train-lunch-00-m062-h2,train-lunch-00,train,lunch,10010,52,62,62,64,2
train-lunch-00-m063-h2,train-lunch-00,train,lunch,10010,53,63,63,65,2
train-lunch-00-m064-h2,train-lunch-00,train,lunch,10010,54,64,64,66,2
train-lunch-00-m065-h2,train-lunch-00,train,lunch,10010,55,65,65,67,2
train-lunch-00-m066-h2,train-lunch-00,train,lunch,10010,56,66,66,68,2
train-lunch-00-m067-h2,train-lunch-00,train,lunch,10010,57,67,67,69,2
train-lunch-00-m068-h2,train-lunch-00,train,lunch,10010,58,68,68,70,2
train-lunch-00-m069-h2,train-lunch-00,train,lunch,10010,59,69,69,71,2
train-lunch-00-m070-h2,train-lunch-00,train,lunch,10010,60,70,70,72,2
train-lunch-00-m071-h2,train-lunch-00,train,lunch,10010,61,71,71,73,2
train-lunch-00-m072-h2,train-lunch-00,train,lunch,10010,62,72,72,74,2
train-lunch-00-m073-h2,train-lunch-00,train,lunch,10010,63,73,73,75,2
train-lunch-01-m010-h2,train-lunch-01,train,lunch,10011,0,10,10,12,2
train-lunch-01-m011-h2,train-lunch-01,train,lunch,10011,1,11,11,13,2
train-lunch-01-m012-h2,train-lunch-01,train,lunch,10011,2,12,12,14,2
train-lunch-01-m013-h2,train-lunch-01,train,lunch,10011,3,13,13,15,2
train-lunch-01-m014-h2,train-lunch-01,train,lunch,10011,4,14,14,16,2
train-lunch-01-m015-h2,train-lunch-01,train,lunch,10011,5,15,15,17,2
train-lunch-01-m016-h2,train-lunch-01,train,lunch,10011,6,16,16,18,2
train-lunch-01-m017-h2,train-lunch-01,train,lunch,10011,7,17,17,19,2
train-lunch-01-m018-h2,train-lunch-01,train,lunch,10011,8,18,18,20,2
train-lunch-01-m019-h2,train-lunch-01,train,lunch,10011,9,19,19,21,2
train-lunch-01-m020-h2,train-lunch-01,train,lunch,10011,10,20,20,22,2
train-lunch-01-m021-h2,train-lunch-01,train,lunch,10011,11,21,21,23,2
train-lunch-01-m022-h2,train-lunch-01,train,lunch,10011,12,22,22,24,2
train-lunch-01-m023-h2,train-lunch-01,train,lunch,10011,13,23,23,25,2
train-lunch-01-m024-h2,train-lunch-01,train,lunch,10011,14,24,24,26,2
train-lunch-01-m025-h2,train-lunch-01,train,lunch,10011,15,25,25,27,2
train-lunch-01-m026-h2,train-lunch-01,train,lunch,10011,16,26,26,28,2
train-lunch-01-m027-h2,train-lunch-01,train,lunch,10011,17,27,27,29,2
train-lunch-01-m028-h2,train-lunch-01,train,lunch,10011,18,28,28,30,2
train-lunch-01-m029-h2,train-lunch-01,train,lunch,10011,19,29,29,31,2
train-lunch-01-m030-h2,train-lunch-01,train,lunch,10011,20,30,30,32,2
train-lunch-01-m031-h2,train-lunch-01,train,lunch,10011,21,31,31,33,2
train-lunch-01-m032-h2,train-lunch-01,train,lunch,10011,22,32,32,34,2
train-lunch-01-m033-h2,train-lunch-01,train,lunch,10011,23,33,33,35,2
train-lunch-01-m034-h2,train-lunch-01,train,lunch,10011,24,34,34,36,2
train-lunch-01-m035-h2,train-lunch-01,train,lunch,10011,25,35,35,37,2
train-lunch-01-m036-h2,train-lunch-01,train,lunch,10011,26,36,36,38,2
train-lunch-01-m037-h2,train-lunch-01,train,lunch,10011,27,37,37,39,2
train-lunch-01-m038-h2,train-lunch-01,train,lunch,10011,28,38,38,40,2
train-lunch-01-m039-h2,train-lunch-01,train,lunch,10011,29,39,39,41,2
train-lunch-01-m040-h2,train-lunch-01,train,lunch,10011,30,40,40,42,2
train-lunch-01-m041-h2,train-lunch-01,train,lunch,10011,31,41,41,43,2
train-lunch-01-m042-h2,train-lunch-01,train,lunch,10011,32,42,42,44,2
train-lunch-01-m043-h2,train-lunch-01,train,lunch,10011,33,43,43,45,2
train-lunch-01-m044-h2,train-lunch-01,train,lunch,10011,34,44,44,46,2
train-lunch-01-m045-h2,train-lunch-01,train,lunch,10011,35,45,45,47,2
train-lunch-01-m046-h2,train-lunch-01,train,lunch,10011,36,46,46,48,2
train-lunch-01-m047-h2,train-lunch-01,train,lunch,10011,37,47,47,49,2
train-lunch-01-m048-h2,train-lunch-01,train,lunch,10011,38,48,48,50,2
train-lunch-01-m049-h2,train-lunch-01,train,lunch,10011,39,49,49,51,2
train-lunch-01-m050-h2,train-lunch-01,train,lunch,10011,40,50,50,52,2
train-lunch-01-m051-h2,train-lunch-01,train,lunch,10011,41,51,51,53,2
train-lunch-01-m052-h2,train-lunch-01,train,lunch,10011,42,52,52,54,2
train-lunch-01-m053-h2,train-lunch-01,train,lunch,10011,43,53,53,55,2
train-lunch-01-m054-h2,train-lunch-01,train,lunch,10011,44,54,54,56,2
train-lunch-01-m055-h2,train-lunch-01,train,lunch,10011,45,55,55,57,2
train-lunch-01-m056-h2,train-lunch-01,train,lunch,10011,46,56,56,58,2
train-lunch-01-m057-h2,train-lunch-01,train,lunch,10011,47,57,57,59,2
train-lunch-01-m058-h2,train-lunch-01,train,lunch,10011,48,58,58,60,2
train-lunch-01-m059-h2,train-lunch-01,train,lunch,10011,49,59,59,61,2
train-lunch-01-m060-h2,train-lunch-01,train,lunch,10011,50,60,60,62,2
train-lunch-01-m061-h2,train-lunch-01,train,lunch,10011,51,61,61,63,2
train-lunch-01-m062-h2,train-lunch-01,train,lunch,10011,52,62,62,64,2
train-lunch-01-m063-h2,train-lunch-01,train,lunch,10011,53,63,63,65,2
train-lunch-01-m064-h2,train-lunch-01,train,lunch,10011,54,64,64,66,2
train-lunch-01-m065-h2,train-lunch-01,train,lunch,10011,55,65,65,67,2
train-lunch-01-m066-h2,train-lunch-01,train,lunch,10011,56,66,66,68,2
train-lunch-01-m067-h2,train-lunch-01,train,lunch,10011,57,67,67,69,2
train-lunch-01-m068-h2,train-lunch-01,train,lunch,10011,58,68,68,70,2
train-lunch-01-m069-h2,train-lunch-01,train,lunch,10011,59,69,69,71,2
train-lunch-01-m070-h2,train-lunch-01,train,lunch,10011,60,70,70,72,2
train-lunch-01-m071-h2,train-lunch-01,train,lunch,10011,61,71,71,73,2
train-lunch-01-m072-h2,train-lunch-01,train,lunch,10011,62,72,72,74,2
train-lunch-01-m073-h2,train-lunch-01,train,lunch,10011,63,73,73,75,2
train-lunch-02-m010-h2,train-lunch-02,train,lunch,10012,0,10,10,12,2
train-lunch-02-m011-h2,train-lunch-02,train,lunch,10012,1,11,11,13,2
train-lunch-02-m012-h2,train-lunch-02,train,lunch,10012,2,12,12,14,2
train-lunch-02-m013-h2,train-lunch-02,train,lunch,10012,3,13,13,15,2
train-lunch-02-m014-h2,train-lunch-02,train,lunch,10012,4,14,14,16,2
train-lunch-02-m015-h2,train-lunch-02,train,lunch,10012,5,15,15,17,2
train-lunch-02-m016-h2,train-lunch-02,train,lunch,10012,6,16,16,18,2
train-lunch-02-m017-h2,train-lunch-02,train,lunch,10012,7,17,17,19,2
train-lunch-02-m018-h2,train-lunch-02,train,lunch,10012,8,18,18,20,2
train-lunch-02-m019-h2,train-lunch-02,train,lunch,10012,9,19,19,21,2
train-lunch-02-m020-h2,train-lunch-02,train,lunch,10012,10,20,20,22,2
train-lunch-02-m021-h2,train-lunch-02,train,lunch,10012,11,21,21,23,2
train-lunch-02-m022-h2,train-lunch-02,train,lunch,10012,12,22,22,24,2
train-lunch-02-m023-h2,train-lunch-02,train,lunch,10012,13,23,23,25,2
train-lunch-02-m024-h2,train-lunch-02,train,lunch,10012,14,24,24,26,2
train-lunch-02-m025-h2,train-lunch-02,train,lunch,10012,15,25,25,27,2
train-lunch-02-m026-h2,train-lunch-02,train,lunch,10012,16,26,26,28,2
train-lunch-02-m027-h2,train-lunch-02,train,lunch,10012,17,27,27,29,2
train-lunch-02-m028-h2,train-lunch-02,train,lunch,10012,18,28,28,30,2
train-lunch-02-m029-h2,train-lunch-02,train,lunch,10012,19,29,29,31,2
train-lunch-02-m030-h2,train-lunch-02,train,lunch,10012,20,30,30,32,2
train-lunch-02-m031-h2,train-lunch-02,train,lunch,10012,21,31,31,33,2
train-lunch-02-m032-h2,train-lunch-02,train,lunch,10012,22,32,32,34,2
train-lunch-02-m033-h2,train-lunch-02,train,lunch,10012,23,33,33,35,2
train-lunch-02-m034-h2,train-lunch-02,train,lunch,10012,24,34,34,36,2
train-lunch-02-m035-h2,train-lunch-02,train,lunch,10012,25,35,35,37,2
train-lunch-02-m036-h2,train-lunch-02,train,lunch,10012,26,36,36,38,2
train-lunch-02-m037-h2,train-lunch-02,train,lunch,10012,27,37,37,39,2
train-lunch-02-m038-h2,train-lunch-02,train,lunch,10012,28,38,38,40,2
train-lunch-02-m039-h2,train-lunch-02,train,lunch,10012,29,39,39,41,2
train-lunch-02-m040-h2,train-lunch-02,train,lunch,10012,30,40,40,42,2
train-lunch-02-m041-h2,train-lunch-02,train,lunch,10012,31,41,41,43,2
train-lunch-02-m042-h2,train-lunch-02,train,lunch,10012,32,42,42,44,2
train-lunch-02-m043-h2,train-lunch-02,train,lunch,10012,33,43,43,45,2
train-lunch-02-m044-h2,train-lunch-02,train,lunch,10012,34,44,44,46,2
train-lunch-02-m045-h2,train-lunch-02,train,lunch,10012,35,45,45,47,2
train-lunch-02-m046-h2,train-lunch-02,train,lunch,10012,36,46,46,48,2
train-lunch-02-m047-h2,train-lunch-02,train,lunch,10012,37,47,47,49,2
train-lunch-02-m048-h2,train-lunch-02,train,lunch,10012,38,48,48,50,2
train-lunch-02-m049-h2,train-lunch-02,train,lunch,10012,39,49,49,51,2
train-lunch-02-m050-h2,train-lunch-02,train,lunch,10012,40,50,50,52,2
train-lunch-02-m051-h2,train-lunch-02,train,lunch,10012,41,51,51,53,2
train-lunch-02-m052-h2,train-lunch-02,train,lunch,10012,42,52,52,54,2
train-lunch-02-m053-h2,train-lunch-02,train,lunch,10012,43,53,53,55,2
train-lunch-02-m054-h2,train-lunch-02,train,lunch,10012,44,54,54,56,2
train-lunch-02-m055-h2,train-lunch-02,train,lunch,10012,45,55,55,57,2
train-lunch-02-m056-h2,train-lunch-02,train,lunch,10012,46,56,56,58,2
train-lunch-02-m057-h2,train-lunch-02,train,lunch,10012,47,57,57,59,2
train-lunch-02-m058-h2,train-lunch-02,train,lunch,10012,48,58,58,60,2
train-lunch-02-m059-h2,train-lunch-02,train,lunch,10012,49,59,59,61,2
train-lunch-02-m060-h2,train-lunch-02,train,lunch,10012,50,60,60,62,2
train-lunch-02-m061-h2,train-lunch-02,train,lunch,10012,51,61,61,63,2
train-lunch-02-m062-h2,train-lunch-02,train,lunch,10012,52,62,62,64,2
train-lunch-02-m063-h2,train-lunch-02,train,lunch,10012,53,63,63,65,2
train-lunch-02-m064-h2,train-lunch-02,train,lunch,10012,54,64,64,66,2
train-lunch-02-m065-h2,train-lunch-02,train,lunch,10012,55,65,65,67,2
train-lunch-02-m066-h2,train-lunch-02,train,lunch,10012,56,66,66,68,2
train-lunch-02-m067-h2,train-lunch-02,train,lunch,10012,57,67,67,69,2
train-lunch-02-m068-h2,train-lunch-02,train,lunch,10012,58,68,68,70,2
train-lunch-02-m069-h2,train-lunch-02,train,lunch,10012,59,69,69,71,2
train-lunch-02-m070-h2,train-lunch-02,train,lunch,10012,60,70,70,72,2
train-lunch-02-m071-h2,train-lunch-02,train,lunch,10012,61,71,71,73,2
train-lunch-02-m072-h2,train-lunch-02,train,lunch,10012,62,72,72,74,2
train-lunch-02-m073-h2,train-lunch-02,train,lunch,10012,63,73,73,75,2
train-lunch-03-m010-h2,train-lunch-03,train,lunch,10013,0,10,10,12,2
train-lunch-03-m011-h2,train-lunch-03,train,lunch,10013,1,11,11,13,2
train-lunch-03-m012-h2,train-lunch-03,train,lunch,10013,2,12,12,14,2
train-lunch-03-m013-h2,train-lunch-03,train,lunch,10013,3,13,13,15,2
train-lunch-03-m014-h2,train-lunch-03,train,lunch,10013,4,14,14,16,2
train-lunch-03-m015-h2,train-lunch-03,train,lunch,10013,5,15,15,17,2
train-lunch-03-m016-h2,train-lunch-03,train,lunch,10013,6,16,16,18,2
train-lunch-03-m017-h2,train-lunch-03,train,lunch,10013,7,17,17,19,2
train-lunch-03-m018-h2,train-lunch-03,train,lunch,10013,8,18,18,20,2
train-lunch-03-m019-h2,train-lunch-03,train,lunch,10013,9,19,19,21,2
train-lunch-03-m020-h2,train-lunch-03,train,lunch,10013,10,20,20,22,2
train-lunch-03-m021-h2,train-lunch-03,train,lunch,10013,11,21,21,23,2
train-lunch-03-m022-h2,train-lunch-03,train,lunch,10013,12,22,22,24,2
train-lunch-03-m023-h2,train-lunch-03,train,lunch,10013,13,23,23,25,2
train-lunch-03-m024-h2,train-lunch-03,train,lunch,10013,14,24,24,26,2
train-lunch-03-m025-h2,train-lunch-03,train,lunch,10013,15,25,25,27,2
train-lunch-03-m026-h2,train-lunch-03,train,lunch,10013,16,26,26,28,2
train-lunch-03-m027-h2,train-lunch-03,train,lunch,10013,17,27,27,29,2
train-lunch-03-m028-h2,train-lunch-03,train,lunch,10013,18,28,28,30,2
train-lunch-03-m029-h2,train-lunch-03,train,lunch,10013,19,29,29,31,2
train-lunch-03-m030-h2,train-lunch-03,train,lunch,10013,20,30,30,32,2
train-lunch-03-m031-h2,train-lunch-03,train,lunch,10013,21,31,31,33,2
train-lunch-03-m032-h2,train-lunch-03,train,lunch,10013,22,32,32,34,2
train-lunch-03-m033-h2,train-lunch-03,train,lunch,10013,23,33,33,35,2
train-lunch-03-m034-h2,train-lunch-03,train,lunch,10013,24,34,34,36,2
train-lunch-03-m035-h2,train-lunch-03,train,lunch,10013,25,35,35,37,2
train-lunch-03-m036-h2,train-lunch-03,train,lunch,10013,26,36,36,38,2
train-lunch-03-m037-h2,train-lunch-03,train,lunch,10013,27,37,37,39,2
train-lunch-03-m038-h2,train-lunch-03,train,lunch,10013,28,38,38,40,2
train-lunch-03-m039-h2,train-lunch-03,train,lunch,10013,29,39,39,41,2
train-lunch-03-m040-h2,train-lunch-03,train,lunch,10013,30,40,40,42,2
train-lunch-03-m041-h2,train-lunch-03,train,lunch,10013,31,41,41,43,2
train-lunch-03-m042-h2,train-lunch-03,train,lunch,10013,32,42,42,44,2
train-lunch-03-m043-h2,train-lunch-03,train,lunch,10013,33,43,43,45,2
train-lunch-03-m044-h2,train-lunch-03,train,lunch,10013,34,44,44,46,2
train-lunch-03-m045-h2,train-lunch-03,train,lunch,10013,35,45,45,47,2
train-lunch-03-m046-h2,train-lunch-03,train,lunch,10013,36,46,46,48,2
train-lunch-03-m047-h2,train-lunch-03,train,lunch,10013,37,47,47,49,2
train-lunch-03-m048-h2,train-lunch-03,train,lunch,10013,38,48,48,50,2
train-lunch-03-m049-h2,train-lunch-03,train,lunch,10013,39,49,49,51,2
train-lunch-03-m050-h2,train-lunch-03,train,lunch,10013,40,50,50,52,2
train-lunch-03-m051-h2,train-lunch-03,train,lunch,10013,41,51,51,53,2
train-lunch-03-m052-h2,train-lunch-03,train,lunch,10013,42,52,52,54,2
train-lunch-03-m053-h2,train-lunch-03,train,lunch,10013,43,53,53,55,2
train-lunch-03-m054-h2,train-lunch-03,train,lunch,10013,44,54,54,56,2
train-lunch-03-m055-h2,train-lunch-03,train,lunch,10013,45,55,55,57,2
train-lunch-03-m056-h2,train-lunch-03,train,lunch,10013,46,56,56,58,2
train-lunch-03-m057-h2,train-lunch-03,train,lunch,10013,47,57,57,59,2
train-lunch-03-m058-h2,train-lunch-03,train,lunch,10013,48,58,58,60,2
train-lunch-03-m059-h2,train-lunch-03,train,lunch,10013,49,59,59,61,2
train-lunch-03-m060-h2,train-lunch-03,train,lunch,10013,50,60,60,62,2
train-lunch-03-m061-h2,train-lunch-03,train,lunch,10013,51,61,61,63,2
train-lunch-03-m062-h2,train-lunch-03,train,lunch,10013,52,62,62,64,2
train-lunch-03-m063-h2,train-lunch-03,train,lunch,10013,53,63,63,65,2
train-lunch-03-m064-h2,train-lunch-03,train,lunch,10013,54,64,64,66,2
train-lunch-03-m065-h2,train-lunch-03,train,lunch,10013,55,65,65,67,2
train-lunch-03-m066-h2,train-lunch-03,train,lunch,10013,56,66,66,68,2
train-lunch-03-m067-h2,train-lunch-03,train,lunch,10013,57,67,67,69,2
train-lunch-03-m068-h2,train-lunch-03,train,lunch,10013,58,68,68,70,2
train-lunch-03-m069-h2,train-lunch-03,train,lunch,10013,59,69,69,71,2
train-lunch-03-m070-h2,train-lunch-03,train,lunch,10013,60,70,70,72,2
train-lunch-03-m071-h2,train-lunch-03,train,lunch,10013,61,71,71,73,2
train-lunch-03-m072-h2,train-lunch-03,train,lunch,10013,62,72,72,74,2
train-lunch-03-m073-h2,train-lunch-03,train,lunch,10013,63,73,73,75,2
train-lunch-04-m010-h2,train-lunch-04,train,lunch,10014,0,10,10,12,2
train-lunch-04-m011-h2,train-lunch-04,train,lunch,10014,1,11,11,13,2
train-lunch-04-m012-h2,train-lunch-04,train,lunch,10014,2,12,12,14,2
train-lunch-04-m013-h2,train-lunch-04,train,lunch,10014,3,13,13,15,2
train-lunch-04-m014-h2,train-lunch-04,train,lunch,10014,4,14,14,16,2
train-lunch-04-m015-h2,train-lunch-04,train,lunch,10014,5,15,15,17,2
train-lunch-04-m016-h2,train-lunch-04,train,lunch,10014,6,16,16,18,2
train-lunch-04-m017-h2,train-lunch-04,train,lunch,10014,7,17,17,19,2
train-lunch-04-m018-h2,train-lunch-04,train,lunch,10014,8,18,18,20,2
train-lunch-04-m019-h2,train-lunch-04,train,lunch,10014,9,19,19,21,2
train-lunch-04-m020-h2,train-lunch-04,train,lunch,10014,10,20,20,22,2
train-lunch-04-m021-h2,train-lunch-04,train,lunch,10014,11,21,21,23,2
train-lunch-04-m022-h2,train-lunch-04,train,lunch,10014,12,22,22,24,2
train-lunch-04-m023-h2,train-lunch-04,train,lunch,10014,13,23,23,25,2
train-lunch-04-m024-h2,train-lunch-04,train,lunch,10014,14,24,24,26,2
train-lunch-04-m025-h2,train-lunch-04,train,lunch,10014,15,25,25,27,2
train-lunch-04-m026-h2,train-lunch-04,train,lunch,10014,16,26,26,28,2
train-lunch-04-m027-h2,train-lunch-04,train,lunch,10014,17,27,27,29,2
train-lunch-04-m028-h2,train-lunch-04,train,lunch,10014,18,28,28,30,2
train-lunch-04-m029-h2,train-lunch-04,train,lunch,10014,19,29,29,31,2
train-lunch-04-m030-h2,train-lunch-04,train,lunch,10014,20,30,30,32,2
train-lunch-04-m031-h2,train-lunch-04,train,lunch,10014,21,31,31,33,2
train-lunch-04-m032-h2,train-lunch-04,train,lunch,10014,22,32,32,34,2
train-lunch-04-m033-h2,train-lunch-04,train,lunch,10014,23,33,33,35,2
train-lunch-04-m034-h2,train-lunch-04,train,lunch,10014,24,34,34,36,2
train-lunch-04-m035-h2,train-lunch-04,train,lunch,10014,25,35,35,37,2
train-lunch-04-m036-h2,train-lunch-04,train,lunch,10014,26,36,36,38,2
train-lunch-04-m037-h2,train-lunch-04,train,lunch,10014,27,37,37,39,2
train-lunch-04-m038-h2,train-lunch-04,train,lunch,10014,28,38,38,40,2
train-lunch-04-m039-h2,train-lunch-04,train,lunch,10014,29,39,39,41,2
train-lunch-04-m040-h2,train-lunch-04,train,lunch,10014,30,40,40,42,2
train-lunch-04-m041-h2,train-lunch-04,train,lunch,10014,31,41,41,43,2
train-lunch-04-m042-h2,train-lunch-04,train,lunch,10014,32,42,42,44,2
train-lunch-04-m043-h2,train-lunch-04,train,lunch,10014,33,43,43,45,2
train-lunch-04-m044-h2,train-lunch-04,train,lunch,10014,34,44,44,46,2
train-lunch-04-m045-h2,train-lunch-04,train,lunch,10014,35,45,45,47,2
train-lunch-04-m046-h2,train-lunch-04,train,lunch,10014,36,46,46,48,2
train-lunch-04-m047-h2,train-lunch-04,train,lunch,10014,37,47,47,49,2
train-lunch-04-m048-h2,train-lunch-04,train,lunch,10014,38,48,48,50,2
train-lunch-04-m049-h2,train-lunch-04,train,lunch,10014,39,49,49,51,2
train-lunch-04-m050-h2,train-lunch-04,train,lunch,10014,40,50,50,52,2
train-lunch-04-m051-h2,train-lunch-04,train,lunch,10014,41,51,51,53,2
train-lunch-04-m052-h2,train-lunch-04,train,lunch,10014,42,52,52,54,2
train-lunch-04-m053-h2,train-lunch-04,train,lunch,10014,43,53,53,55,2
train-lunch-04-m054-h2,train-lunch-04,train,lunch,10014,44,54,54,56,2
train-lunch-04-m055-h2,train-lunch-04,train,lunch,10014,45,55,55,57,2
train-lunch-04-m056-h2,train-lunch-04,train,lunch,10014,46,56,56,58,2
train-lunch-04-m057-h2,train-lunch-04,train,lunch,10014,47,57,57,59,2
train-lunch-04-m058-h2,train-lunch-04,train,lunch,10014,48,58,58,60,2
train-lunch-04-m059-h2,train-lunch-04,train,lunch,10014,49,59,59,61,2
train-lunch-04-m060-h2,train-lunch-04,train,lunch,10014,50,60,60,62,2
train-lunch-04-m061-h2,train-lunch-04,train,lunch,10014,51,61,61,63,2
train-lunch-04-m062-h2,train-lunch-04,train,lunch,10014,52,62,62,64,2
train-lunch-04-m063-h2,train-lunch-04,train,lunch,10014,53,63,63,65,2
train-lunch-04-m064-h2,train-lunch-04,train,lunch,10014,54,64,64,66,2
train-lunch-04-m065-h2,train-lunch-04,train,lunch,10014,55,65,65,67,2
train-lunch-04-m066-h2,train-lunch-04,train,lunch,10014,56,66,66,68,2
train-lunch-04-m067-h2,train-lunch-04,train,lunch,10014,57,67,67,69,2
train-lunch-04-m068-h2,train-lunch-04,train,lunch,10014,58,68,68,70,2
train-lunch-04-m069-h2,train-lunch-04,train,lunch,10014,59,69,69,71,2
train-lunch-04-m070-h2,train-lunch-04,train,lunch,10014,60,70,70,72,2
train-lunch-04-m071-h2,train-lunch-04,train,lunch,10014,61,71,71,73,2
train-lunch-04-m072-h2,train-lunch-04,train,lunch,10014,62,72,72,74,2
train-lunch-04-m073-h2,train-lunch-04,train,lunch,10014,63,73,73,75,2
train-lunch-05-m010-h2,train-lunch-05,train,lunch,10015,0,10,10,12,2
train-lunch-05-m011-h2,train-lunch-05,train,lunch,10015,1,11,11,13,2
train-lunch-05-m012-h2,train-lunch-05,train,lunch,10015,2,12,12,14,2
train-lunch-05-m013-h2,train-lunch-05,train,lunch,10015,3,13,13,15,2
train-lunch-05-m014-h2,train-lunch-05,train,lunch,10015,4,14,14,16,2
train-lunch-05-m015-h2,train-lunch-05,train,lunch,10015,5,15,15,17,2
train-lunch-05-m016-h2,train-lunch-05,train,lunch,10015,6,16,16,18,2
train-lunch-05-m017-h2,train-lunch-05,train,lunch,10015,7,17,17,19,2
train-lunch-05-m018-h2,train-lunch-05,train,lunch,10015,8,18,18,20,2
train-lunch-05-m019-h2,train-lunch-05,train,lunch,10015,9,19,19,21,2
train-lunch-05-m020-h2,train-lunch-05,train,lunch,10015,10,20,20,22,2
train-lunch-05-m021-h2,train-lunch-05,train,lunch,10015,11,21,21,23,2
train-lunch-05-m022-h2,train-lunch-05,train,lunch,10015,12,22,22,24,2
train-lunch-05-m023-h2,train-lunch-05,train,lunch,10015,13,23,23,25,2
train-lunch-05-m024-h2,train-lunch-05,train,lunch,10015,14,24,24,26,2
train-lunch-05-m025-h2,train-lunch-05,train,lunch,10015,15,25,25,27,2
train-lunch-05-m026-h2,train-lunch-05,train,lunch,10015,16,26,26,28,2
train-lunch-05-m027-h2,train-lunch-05,train,lunch,10015,17,27,27,29,2
train-lunch-05-m028-h2,train-lunch-05,train,lunch,10015,18,28,28,30,2
train-lunch-05-m029-h2,train-lunch-05,train,lunch,10015,19,29,29,31,2
train-lunch-05-m030-h2,train-lunch-05,train,lunch,10015,20,30,30,32,2
train-lunch-05-m031-h2,train-lunch-05,train,lunch,10015,21,31,31,33,2
train-lunch-05-m032-h2,train-lunch-05,train,lunch,10015,22,32,32,34,2
train-lunch-05-m033-h2,train-lunch-05,train,lunch,10015,23,33,33,35,2
train-lunch-05-m034-h2,train-lunch-05,train,lunch,10015,24,34,34,36,2
train-lunch-05-m035-h2,train-lunch-05,train,lunch,10015,25,35,35,37,2
train-lunch-05-m036-h2,train-lunch-05,train,lunch,10015,26,36,36,38,2
train-lunch-05-m037-h2,train-lunch-05,train,lunch,10015,27,37,37,39,2
train-lunch-05-m038-h2,train-lunch-05,train,lunch,10015,28,38,38,40,2
train-lunch-05-m039-h2,train-lunch-05,train,lunch,10015,29,39,39,41,2
train-lunch-05-m040-h2,train-lunch-05,train,lunch,10015,30,40,40,42,2
train-lunch-05-m041-h2,train-lunch-05,train,lunch,10015,31,41,41,43,2
train-lunch-05-m042-h2,train-lunch-05,train,lunch,10015,32,42,42,44,2
train-lunch-05-m043-h2,train-lunch-05,train,lunch,10015,33,43,43,45,2
train-lunch-05-m044-h2,train-lunch-05,train,lunch,10015,34,44,44,46,2
train-lunch-05-m045-h2,train-lunch-05,train,lunch,10015,35,45,45,47,2
train-lunch-05-m046-h2,train-lunch-05,train,lunch,10015,36,46,46,48,2
train-lunch-05-m047-h2,train-lunch-05,train,lunch,10015,37,47,47,49,2
train-lunch-05-m048-h2,train-lunch-05,train,lunch,10015,38,48,48,50,2
train-lunch-05-m049-h2,train-lunch-05,train,lunch,10015,39,49,49,51,2
train-lunch-05-m050-h2,train-lunch-05,train,lunch,10015,40,50,50,52,2
train-lunch-05-m051-h2,train-lunch-05,train,lunch,10015,41,51,51,53,2
train-lunch-05-m052-h2,train-lunch-05,train,lunch,10015,42,52,52,54,2
train-lunch-05-m053-h2,train-lunch-05,train,lunch,10015,43,53,53,55,2
train-lunch-05-m054-h2,train-lunch-05,train,lunch,10015,44,54,54,56,2
train-lunch-05-m055-h2,train-lunch-05,train,lunch,10015,45,55,55,57,2
train-lunch-05-m056-h2,train-lunch-05,train,lunch,10015,46,56,56,58,2
train-lunch-05-m057-h2,train-lunch-05,train,lunch,10015,47,57,57,59,2
train-lunch-05-m058-h2,train-lunch-05,train,lunch,10015,48,58,58,60,2
train-lunch-05-m059-h2,train-lunch-05,train,lunch,10015,49,59,59,61,2
train-lunch-05-m060-h2,train-lunch-05,train,lunch,10015,50,60,60,62,2
train-lunch-05-m061-h2,train-lunch-05,train,lunch,10015,51,61,61,63,2
train-lunch-05-m062-h2,train-lunch-05,train,lunch,10015,52,62,62,64,2
train-lunch-05-m063-h2,train-lunch-05,train,lunch,10015,53,63,63,65,2
train-lunch-05-m064-h2,train-lunch-05,train,lunch,10015,54,64,64,66,2
train-lunch-05-m065-h2,train-lunch-05,train,lunch,10015,55,65,65,67,2
train-lunch-05-m066-h2,train-lunch-05,train,lunch,10015,56,66,66,68,2
train-lunch-05-m067-h2,train-lunch-05,train,lunch,10015,57,67,67,69,2
train-lunch-05-m068-h2,train-lunch-05,train,lunch,10015,58,68,68,70,2
train-lunch-05-m069-h2,train-lunch-05,train,lunch,10015,59,69,69,71,2
train-lunch-05-m070-h2,train-lunch-05,train,lunch,10015,60,70,70,72,2
train-lunch-05-m071-h2,train-lunch-05,train,lunch,10015,61,71,71,73,2
train-lunch-05-m072-h2,train-lunch-05,train,lunch,10015,62,72,72,74,2
train-lunch-05-m073-h2,train-lunch-05,train,lunch,10015,63,73,73,75,2
train-lunch-06-m010-h2,train-lunch-06,train,lunch,10016,0,10,10,12,2
train-lunch-06-m011-h2,train-lunch-06,train,lunch,10016,1,11,11,13,2
train-lunch-06-m012-h2,train-lunch-06,train,lunch,10016,2,12,12,14,2
train-lunch-06-m013-h2,train-lunch-06,train,lunch,10016,3,13,13,15,2
train-lunch-06-m014-h2,train-lunch-06,train,lunch,10016,4,14,14,16,2
train-lunch-06-m015-h2,train-lunch-06,train,lunch,10016,5,15,15,17,2
train-lunch-06-m016-h2,train-lunch-06,train,lunch,10016,6,16,16,18,2
train-lunch-06-m017-h2,train-lunch-06,train,lunch,10016,7,17,17,19,2
train-lunch-06-m018-h2,train-lunch-06,train,lunch,10016,8,18,18,20,2
train-lunch-06-m019-h2,train-lunch-06,train,lunch,10016,9,19,19,21,2
train-lunch-06-m020-h2,train-lunch-06,train,lunch,10016,10,20,20,22,2
train-lunch-06-m021-h2,train-lunch-06,train,lunch,10016,11,21,21,23,2
train-lunch-06-m022-h2,train-lunch-06,train,lunch,10016,12,22,22,24,2
train-lunch-06-m023-h2,train-lunch-06,train,lunch,10016,13,23,23,25,2
train-lunch-06-m024-h2,train-lunch-06,train,lunch,10016,14,24,24,26,2
train-lunch-06-m025-h2,train-lunch-06,train,lunch,10016,15,25,25,27,2
train-lunch-06-m026-h2,train-lunch-06,train,lunch,10016,16,26,26,28,2
train-lunch-06-m027-h2,train-lunch-06,train,lunch,10016,17,27,27,29,2
train-lunch-06-m028-h2,train-lunch-06,train,lunch,10016,18,28,28,30,2
train-lunch-06-m029-h2,train-lunch-06,train,lunch,10016,19,29,29,31,2
train-lunch-06-m030-h2,train-lunch-06,train,lunch,10016,20,30,30,32,2
train-lunch-06-m031-h2,train-lunch-06,train,lunch,10016,21,31,31,33,2
train-lunch-06-m032-h2,train-lunch-06,train,lunch,10016,22,32,32,34,2
train-lunch-06-m033-h2,train-lunch-06,train,lunch,10016,23,33,33,35,2
train-lunch-06-m034-h2,train-lunch-06,train,lunch,10016,24,34,34,36,2
train-lunch-06-m035-h2,train-lunch-06,train,lunch,10016,25,35,35,37,2
train-lunch-06-m036-h2,train-lunch-06,train,lunch,10016,26,36,36,38,2
train-lunch-06-m037-h2,train-lunch-06,train,lunch,10016,27,37,37,39,2
train-lunch-06-m038-h2,train-lunch-06,train,lunch,10016,28,38,38,40,2
train-lunch-06-m039-h2,train-lunch-06,train,lunch,10016,29,39,39,41,2
train-lunch-06-m040-h2,train-lunch-06,train,lunch,10016,30,40,40,42,2
train-lunch-06-m041-h2,train-lunch-06,train,lunch,10016,31,41,41,43,2
train-lunch-06-m042-h2,train-lunch-06,train,lunch,10016,32,42,42,44,2
train-lunch-06-m043-h2,train-lunch-06,train,lunch,10016,33,43,43,45,2
train-lunch-06-m044-h2,train-lunch-06,train,lunch,10016,34,44,44,46,2
train-lunch-06-m045-h2,train-lunch-06,train,lunch,10016,35,45,45,47,2
train-lunch-06-m046-h2,train-lunch-06,train,lunch,10016,36,46,46,48,2
train-lunch-06-m047-h2,train-lunch-06,train,lunch,10016,37,47,47,49,2
train-lunch-06-m048-h2,train-lunch-06,train,lunch,10016,38,48,48,50,2
train-lunch-06-m049-h2,train-lunch-06,train,lunch,10016,39,49,49,51,2
train-lunch-06-m050-h2,train-lunch-06,train,lunch,10016,40,50,50,52,2
train-lunch-06-m051-h2,train-lunch-06,train,lunch,10016,41,51,51,53,2
train-lunch-06-m052-h2,train-lunch-06,train,lunch,10016,42,52,52,54,2
train-lunch-06-m053-h2,train-lunch-06,train,lunch,10016,43,53,53,55,2
train-lunch-06-m054-h2,train-lunch-06,train,lunch,10016,44,54,54,56,2
train-lunch-06-m055-h2,train-lunch-06,train,lunch,10016,45,55,55,57,2
train-lunch-06-m056-h2,train-lunch-06,train,lunch,10016,46,56,56,58,2
train-lunch-06-m057-h2,train-lunch-06,train,lunch,10016,47,57,57,59,2
train-lunch-06-m058-h2,train-lunch-06,train,lunch,10016,48,58,58,60,2
train-lunch-06-m059-h2,train-lunch-06,train,lunch,10016,49,59,59,61,2
train-lunch-06-m060-h2,train-lunch-06,train,lunch,10016,50,60,60,62,2
train-lunch-06-m061-h2,train-lunch-06,train,lunch,10016,51,61,61,63,2
train-lunch-06-m062-h2,train-lunch-06,train,lunch,10016,52,62,62,64,2
train-lunch-06-m063-h2,train-lunch-06,train,lunch,10016,53,63,63,65,2
train-lunch-06-m064-h2,train-lunch-06,train,lunch,10016,54,64,64,66,2
train-lunch-06-m065-h2,train-lunch-06,train,lunch,10016,55,65,65,67,2
train-lunch-06-m066-h2,train-lunch-06,train,lunch,10016,56,66,66,68,2
train-lunch-06-m067-h2,train-lunch-06,train,lunch,10016,57,67,67,69,2
train-lunch-06-m068-h2,train-lunch-06,train,lunch,10016,58,68,68,70,2
train-lunch-06-m069-h2,train-lunch-06,train,lunch,10016,59,69,69,71,2
train-lunch-06-m070-h2,train-lunch-06,train,lunch,10016,60,70,70,72,2
train-lunch-06-m071-h2,train-lunch-06,train,lunch,10016,61,71,71,73,2
train-lunch-06-m072-h2,train-lunch-06,train,lunch,10016,62,72,72,74,2
train-lunch-06-m073-h2,train-lunch-06,train,lunch,10016,63,73,73,75,2
train-lunch-07-m010-h2,train-lunch-07,train,lunch,10017,0,10,10,12,2
train-lunch-07-m011-h2,train-lunch-07,train,lunch,10017,1,11,11,13,2
train-lunch-07-m012-h2,train-lunch-07,train,lunch,10017,2,12,12,14,2
train-lunch-07-m013-h2,train-lunch-07,train,lunch,10017,3,13,13,15,2
train-lunch-07-m014-h2,train-lunch-07,train,lunch,10017,4,14,14,16,2
train-lunch-07-m015-h2,train-lunch-07,train,lunch,10017,5,15,15,17,2
train-lunch-07-m016-h2,train-lunch-07,train,lunch,10017,6,16,16,18,2
train-lunch-07-m017-h2,train-lunch-07,train,lunch,10017,7,17,17,19,2
train-lunch-07-m018-h2,train-lunch-07,train,lunch,10017,8,18,18,20,2
train-lunch-07-m019-h2,train-lunch-07,train,lunch,10017,9,19,19,21,2
train-lunch-07-m020-h2,train-lunch-07,train,lunch,10017,10,20,20,22,2
train-lunch-07-m021-h2,train-lunch-07,train,lunch,10017,11,21,21,23,2
train-lunch-07-m022-h2,train-lunch-07,train,lunch,10017,12,22,22,24,2
train-lunch-07-m023-h2,train-lunch-07,train,lunch,10017,13,23,23,25,2
train-lunch-07-m024-h2,train-lunch-07,train,lunch,10017,14,24,24,26,2
train-lunch-07-m025-h2,train-lunch-07,train,lunch,10017,15,25,25,27,2
train-lunch-07-m026-h2,train-lunch-07,train,lunch,10017,16,26,26,28,2
train-lunch-07-m027-h2,train-lunch-07,train,lunch,10017,17,27,27,29,2
train-lunch-07-m028-h2,train-lunch-07,train,lunch,10017,18,28,28,30,2
train-lunch-07-m029-h2,train-lunch-07,train,lunch,10017,19,29,29,31,2
train-lunch-07-m030-h2,train-lunch-07,train,lunch,10017,20,30,30,32,2
train-lunch-07-m031-h2,train-lunch-07,train,lunch,10017,21,31,31,33,2
train-lunch-07-m032-h2,train-lunch-07,train,lunch,10017,22,32,32,34,2
train-lunch-07-m033-h2,train-lunch-07,train,lunch,10017,23,33,33,35,2
train-lunch-07-m034-h2,train-lunch-07,train,lunch,10017,24,34,34,36,2
train-lunch-07-m035-h2,train-lunch-07,train,lunch,10017,25,35,35,37,2
train-lunch-07-m036-h2,train-lunch-07,train,lunch,10017,26,36,36,38,2
train-lunch-07-m037-h2,train-lunch-07,train,lunch,10017,27,37,37,39,2
train-lunch-07-m038-h2,train-lunch-07,train,lunch,10017,28,38,38,40,2
train-lunch-07-m039-h2,train-lunch-07,train,lunch,10017,29,39,39,41,2
train-lunch-07-m040-h2,train-lunch-07,train,lunch,10017,30,40,40,42,2
train-lunch-07-m041-h2,train-lunch-07,train,lunch,10017,31,41,41,43,2
train-lunch-07-m042-h2,train-lunch-07,train,lunch,10017,32,42,42,44,2
train-lunch-07-m043-h2,train-lunch-07,train,lunch,10017,33,43,43,45,2
train-lunch-07-m044-h2,train-lunch-07,train,lunch,10017,34,44,44,46,2
train-lunch-07-m045-h2,train-lunch-07,train,lunch,10017,35,45,45,47,2
train-lunch-07-m046-h2,train-lunch-07,train,lunch,10017,36,46,46,48,2
train-lunch-07-m047-h2,train-lunch-07,train,lunch,10017,37,47,47,49,2
train-lunch-07-m048-h2,train-lunch-07,train,lunch,10017,38,48,48,50,2
train-lunch-07-m049-h2,train-lunch-07,train,lunch,10017,39,49,49,51,2
train-lunch-07-m050-h2,train-lunch-07,train,lunch,10017,40,50,50,52,2
train-lunch-07-m051-h2,train-lunch-07,train,lunch,10017,41,51,51,53,2
train-lunch-07-m052-h2,train-lunch-07,train,lunch,10017,42,52,52,54,2
train-lunch-07-m053-h2,train-lunch-07,train,lunch,10017,43,53,53,55,2
train-lunch-07-m054-h2,train-lunch-07,train,lunch,10017,44,54,54,56,2
train-lunch-07-m055-h2,train-lunch-07,train,lunch,10017,45,55,55,57,2
train-lunch-07-m056-h2,train-lunch-07,train,lunch,10017,46,56,56,58,2
train-lunch-07-m057-h2,train-lunch-07,train,lunch,10017,47,57,57,59,2
train-lunch-07-m058-h2,train-lunch-07,train,lunch,10017,48,58,58,60,2
train-lunch-07-m059-h2,train-lunch-07,train,lunch,10017,49,59,59,61,2
train-lunch-07-m060-h2,train-lunch-07,train,lunch,10017,50,60,60,62,2
train-lunch-07-m061-h2,train-lunch-07,train,lunch,10017,51,61,61,63,2
train-lunch-07-m062-h2,train-lunch-07,train,lunch,10017,52,62,62,64,2
train-lunch-07-m063-h2,train-lunch-07,train,lunch,10017,53,63,63,65,2
train-lunch-07-m064-h2,train-lunch-07,train,lunch,10017,54,64,64,66,2
train-lunch-07-m065-h2,train-lunch-07,train,lunch,10017,55,65,65,67,2
train-lunch-07-m066-h2,train-lunch-07,train,lunch,10017,56,66,66,68,2
train-lunch-07-m067-h2,train-lunch-07,train,lunch,10017,57,67,67,69,2
train-lunch-07-m068-h2,train-lunch-07,train,lunch,10017,58,68,68,70,2
train-lunch-07-m069-h2,train-lunch-07,train,lunch,10017,59,69,69,71,2
train-lunch-07-m070-h2,train-lunch-07,train,lunch,10017,60,70,70,72,2
train-lunch-07-m071-h2,train-lunch-07,train,lunch,10017,61,71,71,73,2
train-lunch-07-m072-h2,train-lunch-07,train,lunch,10017,62,72,72,74,2
train-lunch-07-m073-h2,train-lunch-07,train,lunch,10017,63,73,73,75,2
train-lunch-08-m010-h2,train-lunch-08,train,lunch,10018,0,10,10,12,2
train-lunch-08-m011-h2,train-lunch-08,train,lunch,10018,1,11,11,13,2
train-lunch-08-m012-h2,train-lunch-08,train,lunch,10018,2,12,12,14,2
train-lunch-08-m013-h2,train-lunch-08,train,lunch,10018,3,13,13,15,2
train-lunch-08-m014-h2,train-lunch-08,train,lunch,10018,4,14,14,16,2
train-lunch-08-m015-h2,train-lunch-08,train,lunch,10018,5,15,15,17,2
train-lunch-08-m016-h2,train-lunch-08,train,lunch,10018,6,16,16,18,2
train-lunch-08-m017-h2,train-lunch-08,train,lunch,10018,7,17,17,19,2
train-lunch-08-m018-h2,train-lunch-08,train,lunch,10018,8,18,18,20,2
train-lunch-08-m019-h2,train-lunch-08,train,lunch,10018,9,19,19,21,2
train-lunch-08-m020-h2,train-lunch-08,train,lunch,10018,10,20,20,22,2
train-lunch-08-m021-h2,train-lunch-08,train,lunch,10018,11,21,21,23,2
train-lunch-08-m022-h2,train-lunch-08,train,lunch,10018,12,22,22,24,2
train-lunch-08-m023-h2,train-lunch-08,train,lunch,10018,13,23,23,25,2
train-lunch-08-m024-h2,train-lunch-08,train,lunch,10018,14,24,24,26,2
train-lunch-08-m025-h2,train-lunch-08,train,lunch,10018,15,25,25,27,2
train-lunch-08-m026-h2,train-lunch-08,train,lunch,10018,16,26,26,28,2
train-lunch-08-m027-h2,train-lunch-08,train,lunch,10018,17,27,27,29,2
train-lunch-08-m028-h2,train-lunch-08,train,lunch,10018,18,28,28,30,2
train-lunch-08-m029-h2,train-lunch-08,train,lunch,10018,19,29,29,31,2
train-lunch-08-m030-h2,train-lunch-08,train,lunch,10018,20,30,30,32,2
train-lunch-08-m031-h2,train-lunch-08,train,lunch,10018,21,31,31,33,2
train-lunch-08-m032-h2,train-lunch-08,train,lunch,10018,22,32,32,34,2
train-lunch-08-m033-h2,train-lunch-08,train,lunch,10018,23,33,33,35,2
train-lunch-08-m034-h2,train-lunch-08,train,lunch,10018,24,34,34,36,2
train-lunch-08-m035-h2,train-lunch-08,train,lunch,10018,25,35,35,37,2
train-lunch-08-m036-h2,train-lunch-08,train,lunch,10018,26,36,36,38,2
train-lunch-08-m037-h2,train-lunch-08,train,lunch,10018,27,37,37,39,2
train-lunch-08-m038-h2,train-lunch-08,train,lunch,10018,28,38,38,40,2
train-lunch-08-m039-h2,train-lunch-08,train,lunch,10018,29,39,39,41,2
train-lunch-08-m040-h2,train-lunch-08,train,lunch,10018,30,40,40,42,2
train-lunch-08-m041-h2,train-lunch-08,train,lunch,10018,31,41,41,43,2
train-lunch-08-m042-h2,train-lunch-08,train,lunch,10018,32,42,42,44,2
train-lunch-08-m043-h2,train-lunch-08,train,lunch,10018,33,43,43,45,2
train-lunch-08-m044-h2,train-lunch-08,train,lunch,10018,34,44,44,46,2
train-lunch-08-m045-h2,train-lunch-08,train,lunch,10018,35,45,45,47,2
train-lunch-08-m046-h2,train-lunch-08,train,lunch,10018,36,46,46,48,2
train-lunch-08-m047-h2,train-lunch-08,train,lunch,10018,37,47,47,49,2
train-lunch-08-m048-h2,train-lunch-08,train,lunch,10018,38,48,48,50,2
train-lunch-08-m049-h2,train-lunch-08,train,lunch,10018,39,49,49,51,2
train-lunch-08-m050-h2,train-lunch-08,train,lunch,10018,40,50,50,52,2
train-lunch-08-m051-h2,train-lunch-08,train,lunch,10018,41,51,51,53,2
train-lunch-08-m052-h2,train-lunch-08,train,lunch,10018,42,52,52,54,2
train-lunch-08-m053-h2,train-lunch-08,train,lunch,10018,43,53,53,55,2
train-lunch-08-m054-h2,train-lunch-08,train,lunch,10018,44,54,54,56,2
train-lunch-08-m055-h2,train-lunch-08,train,lunch,10018,45,55,55,57,2
train-lunch-08-m056-h2,train-lunch-08,train,lunch,10018,46,56,56,58,2
train-lunch-08-m057-h2,train-lunch-08,train,lunch,10018,47,57,57,59,2
train-lunch-08-m058-h2,train-lunch-08,train,lunch,10018,48,58,58,60,2
train-lunch-08-m059-h2,train-lunch-08,train,lunch,10018,49,59,59,61,2
train-lunch-08-m060-h2,train-lunch-08,train,lunch,10018,50,60,60,62,2
train-lunch-08-m061-h2,train-lunch-08,train,lunch,10018,51,61,61,63,2
train-lunch-08-m062-h2,train-lunch-08,train,lunch,10018,52,62,62,64,2
train-lunch-08-m063-h2,train-lunch-08,train,lunch,10018,53,63,63,65,2
train-lunch-08-m064-h2,train-lunch-08,train,lunch,10018,54,64,64,66,2
train-lunch-08-m065-h2,train-lunch-08,train,lunch,10018,55,65,65,67,2
train-lunch-08-m066-h2,train-lunch-08,train,lunch,10018,56,66,66,68,2
train-lunch-08-m067-h2,train-lunch-08,train,lunch,10018,57,67,67,69,2
train-lunch-08-m068-h2,train-lunch-08,train,lunch,10018,58,68,68,70,2
train-lunch-08-m069-h2,train-lunch-08,train,lunch,10018,59,69,69,71,2
train-lunch-08-m070-h2,train-lunch-08,train,lunch,10018,60,70,70,72,2
train-lunch-08-m071-h2,train-lunch-08,train,lunch,10018,61,71,71,73,2
train-lunch-08-m072-h2,train-lunch-08,train,lunch,10018,62,72,72,74,2
train-lunch-08-m073-h2,train-lunch-08,train,lunch,10018,63,73,73,75,2
train-lunch-09-m010-h2,train-lunch-09,train,lunch,10019,0,10,10,12,2
train-lunch-09-m011-h2,train-lunch-09,train,lunch,10019,1,11,11,13,2
train-lunch-09-m012-h2,train-lunch-09,train,lunch,10019,2,12,12,14,2
train-lunch-09-m013-h2,train-lunch-09,train,lunch,10019,3,13,13,15,2
train-lunch-09-m014-h2,train-lunch-09,train,lunch,10019,4,14,14,16,2
train-lunch-09-m015-h2,train-lunch-09,train,lunch,10019,5,15,15,17,2
train-lunch-09-m016-h2,train-lunch-09,train,lunch,10019,6,16,16,18,2
train-lunch-09-m017-h2,train-lunch-09,train,lunch,10019,7,17,17,19,2
train-lunch-09-m018-h2,train-lunch-09,train,lunch,10019,8,18,18,20,2
train-lunch-09-m019-h2,train-lunch-09,train,lunch,10019,9,19,19,21,2
train-lunch-09-m020-h2,train-lunch-09,train,lunch,10019,10,20,20,22,2
train-lunch-09-m021-h2,train-lunch-09,train,lunch,10019,11,21,21,23,2
train-lunch-09-m022-h2,train-lunch-09,train,lunch,10019,12,22,22,24,2
train-lunch-09-m023-h2,train-lunch-09,train,lunch,10019,13,23,23,25,2
train-lunch-09-m024-h2,train-lunch-09,train,lunch,10019,14,24,24,26,2
train-lunch-09-m025-h2,train-lunch-09,train,lunch,10019,15,25,25,27,2
train-lunch-09-m026-h2,train-lunch-09,train,lunch,10019,16,26,26,28,2
train-lunch-09-m027-h2,train-lunch-09,train,lunch,10019,17,27,27,29,2
train-lunch-09-m028-h2,train-lunch-09,train,lunch,10019,18,28,28,30,2
train-lunch-09-m029-h2,train-lunch-09,train,lunch,10019,19,29,29,31,2
train-lunch-09-m030-h2,train-lunch-09,train,lunch,10019,20,30,30,32,2
train-lunch-09-m031-h2,train-lunch-09,train,lunch,10019,21,31,31,33,2
train-lunch-09-m032-h2,train-lunch-09,train,lunch,10019,22,32,32,34,2
train-lunch-09-m033-h2,train-lunch-09,train,lunch,10019,23,33,33,35,2
train-lunch-09-m034-h2,train-lunch-09,train,lunch,10019,24,34,34,36,2
train-lunch-09-m035-h2,train-lunch-09,train,lunch,10019,25,35,35,37,2
train-lunch-09-m036-h2,train-lunch-09,train,lunch,10019,26,36,36,38,2
train-lunch-09-m037-h2,train-lunch-09,train,lunch,10019,27,37,37,39,2
train-lunch-09-m038-h2,train-lunch-09,train,lunch,10019,28,38,38,40,2
train-lunch-09-m039-h2,train-lunch-09,train,lunch,10019,29,39,39,41,2
train-lunch-09-m040-h2,train-lunch-09,train,lunch,10019,30,40,40,42,2
train-lunch-09-m041-h2,train-lunch-09,train,lunch,10019,31,41,41,43,2
train-lunch-09-m042-h2,train-lunch-09,train,lunch,10019,32,42,42,44,2
train-lunch-09-m043-h2,train-lunch-09,train,lunch,10019,33,43,43,45,2
train-lunch-09-m044-h2,train-lunch-09,train,lunch,10019,34,44,44,46,2
train-lunch-09-m045-h2,train-lunch-09,train,lunch,10019,35,45,45,47,2
train-lunch-09-m046-h2,train-lunch-09,train,lunch,10019,36,46,46,48,2
train-lunch-09-m047-h2,train-lunch-09,train,lunch,10019,37,47,47,49,2
train-lunch-09-m048-h2,train-lunch-09,train,lunch,10019,38,48,48,50,2
train-lunch-09-m049-h2,train-lunch-09,train,lunch,10019,39,49,49,51,2
train-lunch-09-m050-h2,train-lunch-09,train,lunch,10019,40,50,50,52,2
train-lunch-09-m051-h2,train-lunch-09,train,lunch,10019,41,51,51,53,2
train-lunch-09-m052-h2,train-lunch-09,train,lunch,10019,42,52,52,54,2
train-lunch-09-m053-h2,train-lunch-09,train,lunch,10019,43,53,53,55,2
train-lunch-09-m054-h2,train-lunch-09,train,lunch,10019,44,54,54,56,2
train-lunch-09-m055-h2,train-lunch-09,train,lunch,10019,45,55,55,57,2
train-lunch-09-m056-h2,train-lunch-09,train,lunch,10019,46,56,56,58,2
train-lunch-09-m057-h2,train-lunch-09,train,lunch,10019,47,57,57,59,2
train-lunch-09-m058-h2,train-lunch-09,train,lunch,10019,48,58,58,60,2
train-lunch-09-m059-h2,train-lunch-09,train,lunch,10019,49,59,59,61,2
train-lunch-09-m060-h2,train-lunch-09,train,lunch,10019,50,60,60,62,2
train-lunch-09-m061-h2,train-lunch-09,train,lunch,10019,51,61,61,63,2
train-lunch-09-m062-h2,train-lunch-09,train,lunch,10019,52,62,62,64,2
train-lunch-09-m063-h2,train-lunch-09,train,lunch,10019,53,63,63,65,2
train-lunch-09-m064-h2,train-lunch-09,train,lunch,10019,54,64,64,66,2
train-lunch-09-m065-h2,train-lunch-09,train,lunch,10019,55,65,65,67,2
train-lunch-09-m066-h2,train-lunch-09,train,lunch,10019,56,66,66,68,2
train-lunch-09-m067-h2,train-lunch-09,train,lunch,10019,57,67,67,69,2
train-lunch-09-m068-h2,train-lunch-09,train,lunch,10019,58,68,68,70,2
train-lunch-09-m069-h2,train-lunch-09,train,lunch,10019,59,69,69,71,2
train-lunch-09-m070-h2,train-lunch-09,train,lunch,10019,60,70,70,72,2
train-lunch-09-m071-h2,train-lunch-09,train,lunch,10019,61,71,71,73,2
train-lunch-09-m072-h2,train-lunch-09,train,lunch,10019,62,72,72,74,2
train-lunch-09-m073-h2,train-lunch-09,train,lunch,10019,63,73,73,75,2
train-evening-00-m010-h2,train-evening-00,train,evening,10020,0,10,10,12,2
train-evening-00-m011-h2,train-evening-00,train,evening,10020,1,11,11,13,2
train-evening-00-m012-h2,train-evening-00,train,evening,10020,2,12,12,14,2
train-evening-00-m013-h2,train-evening-00,train,evening,10020,3,13,13,15,2
train-evening-00-m014-h2,train-evening-00,train,evening,10020,4,14,14,16,2
train-evening-00-m015-h2,train-evening-00,train,evening,10020,5,15,15,17,2
train-evening-00-m016-h2,train-evening-00,train,evening,10020,6,16,16,18,2
train-evening-00-m017-h2,train-evening-00,train,evening,10020,7,17,17,19,2
train-evening-00-m018-h2,train-evening-00,train,evening,10020,8,18,18,20,2
train-evening-00-m019-h2,train-evening-00,train,evening,10020,9,19,19,21,2
train-evening-00-m020-h2,train-evening-00,train,evening,10020,10,20,20,22,2
train-evening-00-m021-h2,train-evening-00,train,evening,10020,11,21,21,23,2
train-evening-00-m022-h2,train-evening-00,train,evening,10020,12,22,22,24,2
train-evening-00-m023-h2,train-evening-00,train,evening,10020,13,23,23,25,2
train-evening-00-m024-h2,train-evening-00,train,evening,10020,14,24,24,26,2
train-evening-00-m025-h2,train-evening-00,train,evening,10020,15,25,25,27,2
train-evening-00-m026-h2,train-evening-00,train,evening,10020,16,26,26,28,2
train-evening-00-m027-h2,train-evening-00,train,evening,10020,17,27,27,29,2
train-evening-00-m028-h2,train-evening-00,train,evening,10020,18,28,28,30,2
train-evening-00-m029-h2,train-evening-00,train,evening,10020,19,29,29,31,2
train-evening-00-m030-h2,train-evening-00,train,evening,10020,20,30,30,32,2
train-evening-00-m031-h2,train-evening-00,train,evening,10020,21,31,31,33,2
train-evening-00-m032-h2,train-evening-00,train,evening,10020,22,32,32,34,2
train-evening-00-m033-h2,train-evening-00,train,evening,10020,23,33,33,35,2
train-evening-00-m034-h2,train-evening-00,train,evening,10020,24,34,34,36,2
train-evening-00-m035-h2,train-evening-00,train,evening,10020,25,35,35,37,2
train-evening-00-m036-h2,train-evening-00,train,evening,10020,26,36,36,38,2
train-evening-00-m037-h2,train-evening-00,train,evening,10020,27,37,37,39,2
train-evening-00-m038-h2,train-evening-00,train,evening,10020,28,38,38,40,2
train-evening-00-m039-h2,train-evening-00,train,evening,10020,29,39,39,41,2
train-evening-00-m040-h2,train-evening-00,train,evening,10020,30,40,40,42,2
train-evening-00-m041-h2,train-evening-00,train,evening,10020,31,41,41,43,2
train-evening-00-m042-h2,train-evening-00,train,evening,10020,32,42,42,44,2
train-evening-00-m043-h2,train-evening-00,train,evening,10020,33,43,43,45,2
train-evening-00-m044-h2,train-evening-00,train,evening,10020,34,44,44,46,2
train-evening-00-m045-h2,train-evening-00,train,evening,10020,35,45,45,47,2
train-evening-00-m046-h2,train-evening-00,train,evening,10020,36,46,46,48,2
train-evening-00-m047-h2,train-evening-00,train,evening,10020,37,47,47,49,2
train-evening-00-m048-h2,train-evening-00,train,evening,10020,38,48,48,50,2
train-evening-00-m049-h2,train-evening-00,train,evening,10020,39,49,49,51,2
train-evening-00-m050-h2,train-evening-00,train,evening,10020,40,50,50,52,2
train-evening-00-m051-h2,train-evening-00,train,evening,10020,41,51,51,53,2
train-evening-00-m052-h2,train-evening-00,train,evening,10020,42,52,52,54,2
train-evening-00-m053-h2,train-evening-00,train,evening,10020,43,53,53,55,2
train-evening-00-m054-h2,train-evening-00,train,evening,10020,44,54,54,56,2
train-evening-00-m055-h2,train-evening-00,train,evening,10020,45,55,55,57,2
train-evening-00-m056-h2,train-evening-00,train,evening,10020,46,56,56,58,2
train-evening-00-m057-h2,train-evening-00,train,evening,10020,47,57,57,59,2
train-evening-00-m058-h2,train-evening-00,train,evening,10020,48,58,58,60,2
train-evening-00-m059-h2,train-evening-00,train,evening,10020,49,59,59,61,2
train-evening-00-m060-h2,train-evening-00,train,evening,10020,50,60,60,62,2
train-evening-00-m061-h2,train-evening-00,train,evening,10020,51,61,61,63,2
train-evening-00-m062-h2,train-evening-00,train,evening,10020,52,62,62,64,2
train-evening-00-m063-h2,train-evening-00,train,evening,10020,53,63,63,65,2
train-evening-00-m064-h2,train-evening-00,train,evening,10020,54,64,64,66,2
train-evening-00-m065-h2,train-evening-00,train,evening,10020,55,65,65,67,2
train-evening-00-m066-h2,train-evening-00,train,evening,10020,56,66,66,68,2
train-evening-00-m067-h2,train-evening-00,train,evening,10020,57,67,67,69,2
train-evening-00-m068-h2,train-evening-00,train,evening,10020,58,68,68,70,2
train-evening-00-m069-h2,train-evening-00,train,evening,10020,59,69,69,71,2
train-evening-00-m070-h2,train-evening-00,train,evening,10020,60,70,70,72,2
train-evening-00-m071-h2,train-evening-00,train,evening,10020,61,71,71,73,2
train-evening-00-m072-h2,train-evening-00,train,evening,10020,62,72,72,74,2
train-evening-00-m073-h2,train-evening-00,train,evening,10020,63,73,73,75,2
train-evening-01-m010-h2,train-evening-01,train,evening,10021,0,10,10,12,2
train-evening-01-m011-h2,train-evening-01,train,evening,10021,1,11,11,13,2
train-evening-01-m012-h2,train-evening-01,train,evening,10021,2,12,12,14,2
train-evening-01-m013-h2,train-evening-01,train,evening,10021,3,13,13,15,2
train-evening-01-m014-h2,train-evening-01,train,evening,10021,4,14,14,16,2
train-evening-01-m015-h2,train-evening-01,train,evening,10021,5,15,15,17,2
train-evening-01-m016-h2,train-evening-01,train,evening,10021,6,16,16,18,2
train-evening-01-m017-h2,train-evening-01,train,evening,10021,7,17,17,19,2
train-evening-01-m018-h2,train-evening-01,train,evening,10021,8,18,18,20,2
train-evening-01-m019-h2,train-evening-01,train,evening,10021,9,19,19,21,2
train-evening-01-m020-h2,train-evening-01,train,evening,10021,10,20,20,22,2
train-evening-01-m021-h2,train-evening-01,train,evening,10021,11,21,21,23,2
train-evening-01-m022-h2,train-evening-01,train,evening,10021,12,22,22,24,2
train-evening-01-m023-h2,train-evening-01,train,evening,10021,13,23,23,25,2
train-evening-01-m024-h2,train-evening-01,train,evening,10021,14,24,24,26,2
train-evening-01-m025-h2,train-evening-01,train,evening,10021,15,25,25,27,2
train-evening-01-m026-h2,train-evening-01,train,evening,10021,16,26,26,28,2
train-evening-01-m027-h2,train-evening-01,train,evening,10021,17,27,27,29,2
train-evening-01-m028-h2,train-evening-01,train,evening,10021,18,28,28,30,2
train-evening-01-m029-h2,train-evening-01,train,evening,10021,19,29,29,31,2
train-evening-01-m030-h2,train-evening-01,train,evening,10021,20,30,30,32,2
train-evening-01-m031-h2,train-evening-01,train,evening,10021,21,31,31,33,2
train-evening-01-m032-h2,train-evening-01,train,evening,10021,22,32,32,34,2
train-evening-01-m033-h2,train-evening-01,train,evening,10021,23,33,33,35,2
train-evening-01-m034-h2,train-evening-01,train,evening,10021,24,34,34,36,2
train-evening-01-m035-h2,train-evening-01,train,evening,10021,25,35,35,37,2
train-evening-01-m036-h2,train-evening-01,train,evening,10021,26,36,36,38,2
train-evening-01-m037-h2,train-evening-01,train,evening,10021,27,37,37,39,2
train-evening-01-m038-h2,train-evening-01,train,evening,10021,28,38,38,40,2
train-evening-01-m039-h2,train-evening-01,train,evening,10021,29,39,39,41,2
train-evening-01-m040-h2,train-evening-01,train,evening,10021,30,40,40,42,2
train-evening-01-m041-h2,train-evening-01,train,evening,10021,31,41,41,43,2
train-evening-01-m042-h2,train-evening-01,train,evening,10021,32,42,42,44,2
train-evening-01-m043-h2,train-evening-01,train,evening,10021,33,43,43,45,2
train-evening-01-m044-h2,train-evening-01,train,evening,10021,34,44,44,46,2
train-evening-01-m045-h2,train-evening-01,train,evening,10021,35,45,45,47,2
train-evening-01-m046-h2,train-evening-01,train,evening,10021,36,46,46,48,2
train-evening-01-m047-h2,train-evening-01,train,evening,10021,37,47,47,49,2
train-evening-01-m048-h2,train-evening-01,train,evening,10021,38,48,48,50,2
train-evening-01-m049-h2,train-evening-01,train,evening,10021,39,49,49,51,2
train-evening-01-m050-h2,train-evening-01,train,evening,10021,40,50,50,52,2
train-evening-01-m051-h2,train-evening-01,train,evening,10021,41,51,51,53,2
train-evening-01-m052-h2,train-evening-01,train,evening,10021,42,52,52,54,2
train-evening-01-m053-h2,train-evening-01,train,evening,10021,43,53,53,55,2
train-evening-01-m054-h2,train-evening-01,train,evening,10021,44,54,54,56,2
train-evening-01-m055-h2,train-evening-01,train,evening,10021,45,55,55,57,2
train-evening-01-m056-h2,train-evening-01,train,evening,10021,46,56,56,58,2
train-evening-01-m057-h2,train-evening-01,train,evening,10021,47,57,57,59,2
train-evening-01-m058-h2,train-evening-01,train,evening,10021,48,58,58,60,2
train-evening-01-m059-h2,train-evening-01,train,evening,10021,49,59,59,61,2
train-evening-01-m060-h2,train-evening-01,train,evening,10021,50,60,60,62,2
train-evening-01-m061-h2,train-evening-01,train,evening,10021,51,61,61,63,2
train-evening-01-m062-h2,train-evening-01,train,evening,10021,52,62,62,64,2
train-evening-01-m063-h2,train-evening-01,train,evening,10021,53,63,63,65,2
train-evening-01-m064-h2,train-evening-01,train,evening,10021,54,64,64,66,2
train-evening-01-m065-h2,train-evening-01,train,evening,10021,55,65,65,67,2
train-evening-01-m066-h2,train-evening-01,train,evening,10021,56,66,66,68,2
train-evening-01-m067-h2,train-evening-01,train,evening,10021,57,67,67,69,2
train-evening-01-m068-h2,train-evening-01,train,evening,10021,58,68,68,70,2
train-evening-01-m069-h2,train-evening-01,train,evening,10021,59,69,69,71,2
train-evening-01-m070-h2,train-evening-01,train,evening,10021,60,70,70,72,2
train-evening-01-m071-h2,train-evening-01,train,evening,10021,61,71,71,73,2
train-evening-01-m072-h2,train-evening-01,train,evening,10021,62,72,72,74,2
train-evening-01-m073-h2,train-evening-01,train,evening,10021,63,73,73,75,2
train-evening-02-m010-h2,train-evening-02,train,evening,10022,0,10,10,12,2
train-evening-02-m011-h2,train-evening-02,train,evening,10022,1,11,11,13,2
train-evening-02-m012-h2,train-evening-02,train,evening,10022,2,12,12,14,2
train-evening-02-m013-h2,train-evening-02,train,evening,10022,3,13,13,15,2
train-evening-02-m014-h2,train-evening-02,train,evening,10022,4,14,14,16,2
train-evening-02-m015-h2,train-evening-02,train,evening,10022,5,15,15,17,2
train-evening-02-m016-h2,train-evening-02,train,evening,10022,6,16,16,18,2
train-evening-02-m017-h2,train-evening-02,train,evening,10022,7,17,17,19,2
train-evening-02-m018-h2,train-evening-02,train,evening,10022,8,18,18,20,2
train-evening-02-m019-h2,train-evening-02,train,evening,10022,9,19,19,21,2
train-evening-02-m020-h2,train-evening-02,train,evening,10022,10,20,20,22,2
train-evening-02-m021-h2,train-evening-02,train,evening,10022,11,21,21,23,2
train-evening-02-m022-h2,train-evening-02,train,evening,10022,12,22,22,24,2
train-evening-02-m023-h2,train-evening-02,train,evening,10022,13,23,23,25,2
train-evening-02-m024-h2,train-evening-02,train,evening,10022,14,24,24,26,2
train-evening-02-m025-h2,train-evening-02,train,evening,10022,15,25,25,27,2
train-evening-02-m026-h2,train-evening-02,train,evening,10022,16,26,26,28,2
train-evening-02-m027-h2,train-evening-02,train,evening,10022,17,27,27,29,2
train-evening-02-m028-h2,train-evening-02,train,evening,10022,18,28,28,30,2
train-evening-02-m029-h2,train-evening-02,train,evening,10022,19,29,29,31,2
train-evening-02-m030-h2,train-evening-02,train,evening,10022,20,30,30,32,2
train-evening-02-m031-h2,train-evening-02,train,evening,10022,21,31,31,33,2
train-evening-02-m032-h2,train-evening-02,train,evening,10022,22,32,32,34,2
train-evening-02-m033-h2,train-evening-02,train,evening,10022,23,33,33,35,2
train-evening-02-m034-h2,train-evening-02,train,evening,10022,24,34,34,36,2
train-evening-02-m035-h2,train-evening-02,train,evening,10022,25,35,35,37,2
train-evening-02-m036-h2,train-evening-02,train,evening,10022,26,36,36,38,2
train-evening-02-m037-h2,train-evening-02,train,evening,10022,27,37,37,39,2
train-evening-02-m038-h2,train-evening-02,train,evening,10022,28,38,38,40,2
train-evening-02-m039-h2,train-evening-02,train,evening,10022,29,39,39,41,2
train-evening-02-m040-h2,train-evening-02,train,evening,10022,30,40,40,42,2
train-evening-02-m041-h2,train-evening-02,train,evening,10022,31,41,41,43,2
train-evening-02-m042-h2,train-evening-02,train,evening,10022,32,42,42,44,2
train-evening-02-m043-h2,train-evening-02,train,evening,10022,33,43,43,45,2
train-evening-02-m044-h2,train-evening-02,train,evening,10022,34,44,44,46,2
train-evening-02-m045-h2,train-evening-02,train,evening,10022,35,45,45,47,2
train-evening-02-m046-h2,train-evening-02,train,evening,10022,36,46,46,48,2
train-evening-02-m047-h2,train-evening-02,train,evening,10022,37,47,47,49,2
train-evening-02-m048-h2,train-evening-02,train,evening,10022,38,48,48,50,2
train-evening-02-m049-h2,train-evening-02,train,evening,10022,39,49,49,51,2
train-evening-02-m050-h2,train-evening-02,train,evening,10022,40,50,50,52,2
train-evening-02-m051-h2,train-evening-02,train,evening,10022,41,51,51,53,2
train-evening-02-m052-h2,train-evening-02,train,evening,10022,42,52,52,54,2
train-evening-02-m053-h2,train-evening-02,train,evening,10022,43,53,53,55,2
train-evening-02-m054-h2,train-evening-02,train,evening,10022,44,54,54,56,2
train-evening-02-m055-h2,train-evening-02,train,evening,10022,45,55,55,57,2
train-evening-02-m056-h2,train-evening-02,train,evening,10022,46,56,56,58,2
train-evening-02-m057-h2,train-evening-02,train,evening,10022,47,57,57,59,2
train-evening-02-m058-h2,train-evening-02,train,evening,10022,48,58,58,60,2
train-evening-02-m059-h2,train-evening-02,train,evening,10022,49,59,59,61,2
train-evening-02-m060-h2,train-evening-02,train,evening,10022,50,60,60,62,2
train-evening-02-m061-h2,train-evening-02,train,evening,10022,51,61,61,63,2
train-evening-02-m062-h2,train-evening-02,train,evening,10022,52,62,62,64,2
train-evening-02-m063-h2,train-evening-02,train,evening,10022,53,63,63,65,2
train-evening-02-m064-h2,train-evening-02,train,evening,10022,54,64,64,66,2
train-evening-02-m065-h2,train-evening-02,train,evening,10022,55,65,65,67,2
train-evening-02-m066-h2,train-evening-02,train,evening,10022,56,66,66,68,2
train-evening-02-m067-h2,train-evening-02,train,evening,10022,57,67,67,69,2
train-evening-02-m068-h2,train-evening-02,train,evening,10022,58,68,68,70,2
train-evening-02-m069-h2,train-evening-02,train,evening,10022,59,69,69,71,2
train-evening-02-m070-h2,train-evening-02,train,evening,10022,60,70,70,72,2
train-evening-02-m071-h2,train-evening-02,train,evening,10022,61,71,71,73,2
train-evening-02-m072-h2,train-evening-02,train,evening,10022,62,72,72,74,2
train-evening-02-m073-h2,train-evening-02,train,evening,10022,63,73,73,75,2
train-evening-03-m010-h2,train-evening-03,train,evening,10023,0,10,10,12,2
train-evening-03-m011-h2,train-evening-03,train,evening,10023,1,11,11,13,2
train-evening-03-m012-h2,train-evening-03,train,evening,10023,2,12,12,14,2
train-evening-03-m013-h2,train-evening-03,train,evening,10023,3,13,13,15,2
train-evening-03-m014-h2,train-evening-03,train,evening,10023,4,14,14,16,2
train-evening-03-m015-h2,train-evening-03,train,evening,10023,5,15,15,17,2
train-evening-03-m016-h2,train-evening-03,train,evening,10023,6,16,16,18,2
train-evening-03-m017-h2,train-evening-03,train,evening,10023,7,17,17,19,2
train-evening-03-m018-h2,train-evening-03,train,evening,10023,8,18,18,20,2
train-evening-03-m019-h2,train-evening-03,train,evening,10023,9,19,19,21,2
train-evening-03-m020-h2,train-evening-03,train,evening,10023,10,20,20,22,2
train-evening-03-m021-h2,train-evening-03,train,evening,10023,11,21,21,23,2
train-evening-03-m022-h2,train-evening-03,train,evening,10023,12,22,22,24,2
train-evening-03-m023-h2,train-evening-03,train,evening,10023,13,23,23,25,2
train-evening-03-m024-h2,train-evening-03,train,evening,10023,14,24,24,26,2
train-evening-03-m025-h2,train-evening-03,train,evening,10023,15,25,25,27,2
train-evening-03-m026-h2,train-evening-03,train,evening,10023,16,26,26,28,2
train-evening-03-m027-h2,train-evening-03,train,evening,10023,17,27,27,29,2
train-evening-03-m028-h2,train-evening-03,train,evening,10023,18,28,28,30,2
train-evening-03-m029-h2,train-evening-03,train,evening,10023,19,29,29,31,2
train-evening-03-m030-h2,train-evening-03,train,evening,10023,20,30,30,32,2
train-evening-03-m031-h2,train-evening-03,train,evening,10023,21,31,31,33,2
train-evening-03-m032-h2,train-evening-03,train,evening,10023,22,32,32,34,2
train-evening-03-m033-h2,train-evening-03,train,evening,10023,23,33,33,35,2
train-evening-03-m034-h2,train-evening-03,train,evening,10023,24,34,34,36,2
train-evening-03-m035-h2,train-evening-03,train,evening,10023,25,35,35,37,2
train-evening-03-m036-h2,train-evening-03,train,evening,10023,26,36,36,38,2
train-evening-03-m037-h2,train-evening-03,train,evening,10023,27,37,37,39,2
train-evening-03-m038-h2,train-evening-03,train,evening,10023,28,38,38,40,2
train-evening-03-m039-h2,train-evening-03,train,evening,10023,29,39,39,41,2
train-evening-03-m040-h2,train-evening-03,train,evening,10023,30,40,40,42,2
train-evening-03-m041-h2,train-evening-03,train,evening,10023,31,41,41,43,2
train-evening-03-m042-h2,train-evening-03,train,evening,10023,32,42,42,44,2
train-evening-03-m043-h2,train-evening-03,train,evening,10023,33,43,43,45,2
train-evening-03-m044-h2,train-evening-03,train,evening,10023,34,44,44,46,2
train-evening-03-m045-h2,train-evening-03,train,evening,10023,35,45,45,47,2
train-evening-03-m046-h2,train-evening-03,train,evening,10023,36,46,46,48,2
train-evening-03-m047-h2,train-evening-03,train,evening,10023,37,47,47,49,2
train-evening-03-m048-h2,train-evening-03,train,evening,10023,38,48,48,50,2
train-evening-03-m049-h2,train-evening-03,train,evening,10023,39,49,49,51,2
train-evening-03-m050-h2,train-evening-03,train,evening,10023,40,50,50,52,2
train-evening-03-m051-h2,train-evening-03,train,evening,10023,41,51,51,53,2
train-evening-03-m052-h2,train-evening-03,train,evening,10023,42,52,52,54,2
train-evening-03-m053-h2,train-evening-03,train,evening,10023,43,53,53,55,2
train-evening-03-m054-h2,train-evening-03,train,evening,10023,44,54,54,56,2
train-evening-03-m055-h2,train-evening-03,train,evening,10023,45,55,55,57,2
train-evening-03-m056-h2,train-evening-03,train,evening,10023,46,56,56,58,2
train-evening-03-m057-h2,train-evening-03,train,evening,10023,47,57,57,59,2
train-evening-03-m058-h2,train-evening-03,train,evening,10023,48,58,58,60,2
train-evening-03-m059-h2,train-evening-03,train,evening,10023,49,59,59,61,2
train-evening-03-m060-h2,train-evening-03,train,evening,10023,50,60,60,62,2
train-evening-03-m061-h2,train-evening-03,train,evening,10023,51,61,61,63,2
train-evening-03-m062-h2,train-evening-03,train,evening,10023,52,62,62,64,2
train-evening-03-m063-h2,train-evening-03,train,evening,10023,53,63,63,65,2
train-evening-03-m064-h2,train-evening-03,train,evening,10023,54,64,64,66,2
train-evening-03-m065-h2,train-evening-03,train,evening,10023,55,65,65,67,2
train-evening-03-m066-h2,train-evening-03,train,evening,10023,56,66,66,68,2
train-evening-03-m067-h2,train-evening-03,train,evening,10023,57,67,67,69,2
train-evening-03-m068-h2,train-evening-03,train,evening,10023,58,68,68,70,2
train-evening-03-m069-h2,train-evening-03,train,evening,10023,59,69,69,71,2
train-evening-03-m070-h2,train-evening-03,train,evening,10023,60,70,70,72,2
train-evening-03-m071-h2,train-evening-03,train,evening,10023,61,71,71,73,2
train-evening-03-m072-h2,train-evening-03,train,evening,10023,62,72,72,74,2
train-evening-03-m073-h2,train-evening-03,train,evening,10023,63,73,73,75,2
train-evening-04-m010-h2,train-evening-04,train,evening,10024,0,10,10,12,2
train-evening-04-m011-h2,train-evening-04,train,evening,10024,1,11,11,13,2
train-evening-04-m012-h2,train-evening-04,train,evening,10024,2,12,12,14,2
train-evening-04-m013-h2,train-evening-04,train,evening,10024,3,13,13,15,2
train-evening-04-m014-h2,train-evening-04,train,evening,10024,4,14,14,16,2
train-evening-04-m015-h2,train-evening-04,train,evening,10024,5,15,15,17,2
train-evening-04-m016-h2,train-evening-04,train,evening,10024,6,16,16,18,2
train-evening-04-m017-h2,train-evening-04,train,evening,10024,7,17,17,19,2
train-evening-04-m018-h2,train-evening-04,train,evening,10024,8,18,18,20,2
train-evening-04-m019-h2,train-evening-04,train,evening,10024,9,19,19,21,2
train-evening-04-m020-h2,train-evening-04,train,evening,10024,10,20,20,22,2
train-evening-04-m021-h2,train-evening-04,train,evening,10024,11,21,21,23,2
train-evening-04-m022-h2,train-evening-04,train,evening,10024,12,22,22,24,2
train-evening-04-m023-h2,train-evening-04,train,evening,10024,13,23,23,25,2
train-evening-04-m024-h2,train-evening-04,train,evening,10024,14,24,24,26,2
train-evening-04-m025-h2,train-evening-04,train,evening,10024,15,25,25,27,2
train-evening-04-m026-h2,train-evening-04,train,evening,10024,16,26,26,28,2
train-evening-04-m027-h2,train-evening-04,train,evening,10024,17,27,27,29,2
train-evening-04-m028-h2,train-evening-04,train,evening,10024,18,28,28,30,2
train-evening-04-m029-h2,train-evening-04,train,evening,10024,19,29,29,31,2
train-evening-04-m030-h2,train-evening-04,train,evening,10024,20,30,30,32,2
train-evening-04-m031-h2,train-evening-04,train,evening,10024,21,31,31,33,2
train-evening-04-m032-h2,train-evening-04,train,evening,10024,22,32,32,34,2
train-evening-04-m033-h2,train-evening-04,train,evening,10024,23,33,33,35,2
train-evening-04-m034-h2,train-evening-04,train,evening,10024,24,34,34,36,2
train-evening-04-m035-h2,train-evening-04,train,evening,10024,25,35,35,37,2
train-evening-04-m036-h2,train-evening-04,train,evening,10024,26,36,36,38,2
train-evening-04-m037-h2,train-evening-04,train,evening,10024,27,37,37,39,2
train-evening-04-m038-h2,train-evening-04,train,evening,10024,28,38,38,40,2
train-evening-04-m039-h2,train-evening-04,train,evening,10024,29,39,39,41,2
train-evening-04-m040-h2,train-evening-04,train,evening,10024,30,40,40,42,2
train-evening-04-m041-h2,train-evening-04,train,evening,10024,31,41,41,43,2
train-evening-04-m042-h2,train-evening-04,train,evening,10024,32,42,42,44,2
train-evening-04-m043-h2,train-evening-04,train,evening,10024,33,43,43,45,2
train-evening-04-m044-h2,train-evening-04,train,evening,10024,34,44,44,46,2
train-evening-04-m045-h2,train-evening-04,train,evening,10024,35,45,45,47,2
train-evening-04-m046-h2,train-evening-04,train,evening,10024,36,46,46,48,2
train-evening-04-m047-h2,train-evening-04,train,evening,10024,37,47,47,49,2
train-evening-04-m048-h2,train-evening-04,train,evening,10024,38,48,48,50,2
train-evening-04-m049-h2,train-evening-04,train,evening,10024,39,49,49,51,2
train-evening-04-m050-h2,train-evening-04,train,evening,10024,40,50,50,52,2
train-evening-04-m051-h2,train-evening-04,train,evening,10024,41,51,51,53,2
train-evening-04-m052-h2,train-evening-04,train,evening,10024,42,52,52,54,2
train-evening-04-m053-h2,train-evening-04,train,evening,10024,43,53,53,55,2
train-evening-04-m054-h2,train-evening-04,train,evening,10024,44,54,54,56,2
train-evening-04-m055-h2,train-evening-04,train,evening,10024,45,55,55,57,2
train-evening-04-m056-h2,train-evening-04,train,evening,10024,46,56,56,58,2
train-evening-04-m057-h2,train-evening-04,train,evening,10024,47,57,57,59,2
train-evening-04-m058-h2,train-evening-04,train,evening,10024,48,58,58,60,2
train-evening-04-m059-h2,train-evening-04,train,evening,10024,49,59,59,61,2
train-evening-04-m060-h2,train-evening-04,train,evening,10024,50,60,60,62,2
train-evening-04-m061-h2,train-evening-04,train,evening,10024,51,61,61,63,2
train-evening-04-m062-h2,train-evening-04,train,evening,10024,52,62,62,64,2
train-evening-04-m063-h2,train-evening-04,train,evening,10024,53,63,63,65,2
train-evening-04-m064-h2,train-evening-04,train,evening,10024,54,64,64,66,2
train-evening-04-m065-h2,train-evening-04,train,evening,10024,55,65,65,67,2
train-evening-04-m066-h2,train-evening-04,train,evening,10024,56,66,66,68,2
train-evening-04-m067-h2,train-evening-04,train,evening,10024,57,67,67,69,2
train-evening-04-m068-h2,train-evening-04,train,evening,10024,58,68,68,70,2
train-evening-04-m069-h2,train-evening-04,train,evening,10024,59,69,69,71,2
train-evening-04-m070-h2,train-evening-04,train,evening,10024,60,70,70,72,2
train-evening-04-m071-h2,train-evening-04,train,evening,10024,61,71,71,73,2
train-evening-04-m072-h2,train-evening-04,train,evening,10024,62,72,72,74,2
train-evening-04-m073-h2,train-evening-04,train,evening,10024,63,73,73,75,2
train-evening-05-m010-h2,train-evening-05,train,evening,10025,0,10,10,12,2
train-evening-05-m011-h2,train-evening-05,train,evening,10025,1,11,11,13,2
train-evening-05-m012-h2,train-evening-05,train,evening,10025,2,12,12,14,2
train-evening-05-m013-h2,train-evening-05,train,evening,10025,3,13,13,15,2
train-evening-05-m014-h2,train-evening-05,train,evening,10025,4,14,14,16,2
train-evening-05-m015-h2,train-evening-05,train,evening,10025,5,15,15,17,2
train-evening-05-m016-h2,train-evening-05,train,evening,10025,6,16,16,18,2
train-evening-05-m017-h2,train-evening-05,train,evening,10025,7,17,17,19,2
train-evening-05-m018-h2,train-evening-05,train,evening,10025,8,18,18,20,2
train-evening-05-m019-h2,train-evening-05,train,evening,10025,9,19,19,21,2
train-evening-05-m020-h2,train-evening-05,train,evening,10025,10,20,20,22,2
train-evening-05-m021-h2,train-evening-05,train,evening,10025,11,21,21,23,2
train-evening-05-m022-h2,train-evening-05,train,evening,10025,12,22,22,24,2
train-evening-05-m023-h2,train-evening-05,train,evening,10025,13,23,23,25,2
train-evening-05-m024-h2,train-evening-05,train,evening,10025,14,24,24,26,2
train-evening-05-m025-h2,train-evening-05,train,evening,10025,15,25,25,27,2
train-evening-05-m026-h2,train-evening-05,train,evening,10025,16,26,26,28,2
train-evening-05-m027-h2,train-evening-05,train,evening,10025,17,27,27,29,2
train-evening-05-m028-h2,train-evening-05,train,evening,10025,18,28,28,30,2
train-evening-05-m029-h2,train-evening-05,train,evening,10025,19,29,29,31,2
train-evening-05-m030-h2,train-evening-05,train,evening,10025,20,30,30,32,2
train-evening-05-m031-h2,train-evening-05,train,evening,10025,21,31,31,33,2
train-evening-05-m032-h2,train-evening-05,train,evening,10025,22,32,32,34,2
train-evening-05-m033-h2,train-evening-05,train,evening,10025,23,33,33,35,2
train-evening-05-m034-h2,train-evening-05,train,evening,10025,24,34,34,36,2
train-evening-05-m035-h2,train-evening-05,train,evening,10025,25,35,35,37,2
train-evening-05-m036-h2,train-evening-05,train,evening,10025,26,36,36,38,2
train-evening-05-m037-h2,train-evening-05,train,evening,10025,27,37,37,39,2
train-evening-05-m038-h2,train-evening-05,train,evening,10025,28,38,38,40,2
train-evening-05-m039-h2,train-evening-05,train,evening,10025,29,39,39,41,2
train-evening-05-m040-h2,train-evening-05,train,evening,10025,30,40,40,42,2
train-evening-05-m041-h2,train-evening-05,train,evening,10025,31,41,41,43,2
train-evening-05-m042-h2,train-evening-05,train,evening,10025,32,42,42,44,2
train-evening-05-m043-h2,train-evening-05,train,evening,10025,33,43,43,45,2
train-evening-05-m044-h2,train-evening-05,train,evening,10025,34,44,44,46,2
train-evening-05-m045-h2,train-evening-05,train,evening,10025,35,45,45,47,2
train-evening-05-m046-h2,train-evening-05,train,evening,10025,36,46,46,48,2
train-evening-05-m047-h2,train-evening-05,train,evening,10025,37,47,47,49,2
train-evening-05-m048-h2,train-evening-05,train,evening,10025,38,48,48,50,2
train-evening-05-m049-h2,train-evening-05,train,evening,10025,39,49,49,51,2
train-evening-05-m050-h2,train-evening-05,train,evening,10025,40,50,50,52,2
train-evening-05-m051-h2,train-evening-05,train,evening,10025,41,51,51,53,2
train-evening-05-m052-h2,train-evening-05,train,evening,10025,42,52,52,54,2
train-evening-05-m053-h2,train-evening-05,train,evening,10025,43,53,53,55,2
train-evening-05-m054-h2,train-evening-05,train,evening,10025,44,54,54,56,2
train-evening-05-m055-h2,train-evening-05,train,evening,10025,45,55,55,57,2
train-evening-05-m056-h2,train-evening-05,train,evening,10025,46,56,56,58,2
train-evening-05-m057-h2,train-evening-05,train,evening,10025,47,57,57,59,2
train-evening-05-m058-h2,train-evening-05,train,evening,10025,48,58,58,60,2
train-evening-05-m059-h2,train-evening-05,train,evening,10025,49,59,59,61,2
train-evening-05-m060-h2,train-evening-05,train,evening,10025,50,60,60,62,2
train-evening-05-m061-h2,train-evening-05,train,evening,10025,51,61,61,63,2
train-evening-05-m062-h2,train-evening-05,train,evening,10025,52,62,62,64,2
train-evening-05-m063-h2,train-evening-05,train,evening,10025,53,63,63,65,2
train-evening-05-m064-h2,train-evening-05,train,evening,10025,54,64,64,66,2
train-evening-05-m065-h2,train-evening-05,train,evening,10025,55,65,65,67,2
train-evening-05-m066-h2,train-evening-05,train,evening,10025,56,66,66,68,2
train-evening-05-m067-h2,train-evening-05,train,evening,10025,57,67,67,69,2
train-evening-05-m068-h2,train-evening-05,train,evening,10025,58,68,68,70,2
train-evening-05-m069-h2,train-evening-05,train,evening,10025,59,69,69,71,2
train-evening-05-m070-h2,train-evening-05,train,evening,10025,60,70,70,72,2
train-evening-05-m071-h2,train-evening-05,train,evening,10025,61,71,71,73,2
train-evening-05-m072-h2,train-evening-05,train,evening,10025,62,72,72,74,2
train-evening-05-m073-h2,train-evening-05,train,evening,10025,63,73,73,75,2
train-evening-06-m010-h2,train-evening-06,train,evening,10026,0,10,10,12,2
train-evening-06-m011-h2,train-evening-06,train,evening,10026,1,11,11,13,2
train-evening-06-m012-h2,train-evening-06,train,evening,10026,2,12,12,14,2
train-evening-06-m013-h2,train-evening-06,train,evening,10026,3,13,13,15,2
train-evening-06-m014-h2,train-evening-06,train,evening,10026,4,14,14,16,2
train-evening-06-m015-h2,train-evening-06,train,evening,10026,5,15,15,17,2
train-evening-06-m016-h2,train-evening-06,train,evening,10026,6,16,16,18,2
train-evening-06-m017-h2,train-evening-06,train,evening,10026,7,17,17,19,2
train-evening-06-m018-h2,train-evening-06,train,evening,10026,8,18,18,20,2
train-evening-06-m019-h2,train-evening-06,train,evening,10026,9,19,19,21,2
train-evening-06-m020-h2,train-evening-06,train,evening,10026,10,20,20,22,2
train-evening-06-m021-h2,train-evening-06,train,evening,10026,11,21,21,23,2
train-evening-06-m022-h2,train-evening-06,train,evening,10026,12,22,22,24,2
train-evening-06-m023-h2,train-evening-06,train,evening,10026,13,23,23,25,2
train-evening-06-m024-h2,train-evening-06,train,evening,10026,14,24,24,26,2
train-evening-06-m025-h2,train-evening-06,train,evening,10026,15,25,25,27,2
train-evening-06-m026-h2,train-evening-06,train,evening,10026,16,26,26,28,2
train-evening-06-m027-h2,train-evening-06,train,evening,10026,17,27,27,29,2
train-evening-06-m028-h2,train-evening-06,train,evening,10026,18,28,28,30,2
train-evening-06-m029-h2,train-evening-06,train,evening,10026,19,29,29,31,2
train-evening-06-m030-h2,train-evening-06,train,evening,10026,20,30,30,32,2
train-evening-06-m031-h2,train-evening-06,train,evening,10026,21,31,31,33,2
train-evening-06-m032-h2,train-evening-06,train,evening,10026,22,32,32,34,2
train-evening-06-m033-h2,train-evening-06,train,evening,10026,23,33,33,35,2
train-evening-06-m034-h2,train-evening-06,train,evening,10026,24,34,34,36,2
train-evening-06-m035-h2,train-evening-06,train,evening,10026,25,35,35,37,2
train-evening-06-m036-h2,train-evening-06,train,evening,10026,26,36,36,38,2
train-evening-06-m037-h2,train-evening-06,train,evening,10026,27,37,37,39,2
train-evening-06-m038-h2,train-evening-06,train,evening,10026,28,38,38,40,2
train-evening-06-m039-h2,train-evening-06,train,evening,10026,29,39,39,41,2
train-evening-06-m040-h2,train-evening-06,train,evening,10026,30,40,40,42,2
train-evening-06-m041-h2,train-evening-06,train,evening,10026,31,41,41,43,2
train-evening-06-m042-h2,train-evening-06,train,evening,10026,32,42,42,44,2
train-evening-06-m043-h2,train-evening-06,train,evening,10026,33,43,43,45,2
train-evening-06-m044-h2,train-evening-06,train,evening,10026,34,44,44,46,2
train-evening-06-m045-h2,train-evening-06,train,evening,10026,35,45,45,47,2
train-evening-06-m046-h2,train-evening-06,train,evening,10026,36,46,46,48,2
train-evening-06-m047-h2,train-evening-06,train,evening,10026,37,47,47,49,2
train-evening-06-m048-h2,train-evening-06,train,evening,10026,38,48,48,50,2
train-evening-06-m049-h2,train-evening-06,train,evening,10026,39,49,49,51,2
train-evening-06-m050-h2,train-evening-06,train,evening,10026,40,50,50,52,2
train-evening-06-m051-h2,train-evening-06,train,evening,10026,41,51,51,53,2
train-evening-06-m052-h2,train-evening-06,train,evening,10026,42,52,52,54,2
train-evening-06-m053-h2,train-evening-06,train,evening,10026,43,53,53,55,2
train-evening-06-m054-h2,train-evening-06,train,evening,10026,44,54,54,56,2
train-evening-06-m055-h2,train-evening-06,train,evening,10026,45,55,55,57,2
train-evening-06-m056-h2,train-evening-06,train,evening,10026,46,56,56,58,2
train-evening-06-m057-h2,train-evening-06,train,evening,10026,47,57,57,59,2
train-evening-06-m058-h2,train-evening-06,train,evening,10026,48,58,58,60,2
train-evening-06-m059-h2,train-evening-06,train,evening,10026,49,59,59,61,2
train-evening-06-m060-h2,train-evening-06,train,evening,10026,50,60,60,62,2
train-evening-06-m061-h2,train-evening-06,train,evening,10026,51,61,61,63,2
train-evening-06-m062-h2,train-evening-06,train,evening,10026,52,62,62,64,2
train-evening-06-m063-h2,train-evening-06,train,evening,10026,53,63,63,65,2
train-evening-06-m064-h2,train-evening-06,train,evening,10026,54,64,64,66,2
train-evening-06-m065-h2,train-evening-06,train,evening,10026,55,65,65,67,2
train-evening-06-m066-h2,train-evening-06,train,evening,10026,56,66,66,68,2
train-evening-06-m067-h2,train-evening-06,train,evening,10026,57,67,67,69,2
train-evening-06-m068-h2,train-evening-06,train,evening,10026,58,68,68,70,2
train-evening-06-m069-h2,train-evening-06,train,evening,10026,59,69,69,71,2
train-evening-06-m070-h2,train-evening-06,train,evening,10026,60,70,70,72,2
train-evening-06-m071-h2,train-evening-06,train,evening,10026,61,71,71,73,2
train-evening-06-m072-h2,train-evening-06,train,evening,10026,62,72,72,74,2
train-evening-06-m073-h2,train-evening-06,train,evening,10026,63,73,73,75,2
train-evening-07-m010-h2,train-evening-07,train,evening,10027,0,10,10,12,2
train-evening-07-m011-h2,train-evening-07,train,evening,10027,1,11,11,13,2
train-evening-07-m012-h2,train-evening-07,train,evening,10027,2,12,12,14,2
train-evening-07-m013-h2,train-evening-07,train,evening,10027,3,13,13,15,2
train-evening-07-m014-h2,train-evening-07,train,evening,10027,4,14,14,16,2
train-evening-07-m015-h2,train-evening-07,train,evening,10027,5,15,15,17,2
train-evening-07-m016-h2,train-evening-07,train,evening,10027,6,16,16,18,2
train-evening-07-m017-h2,train-evening-07,train,evening,10027,7,17,17,19,2
train-evening-07-m018-h2,train-evening-07,train,evening,10027,8,18,18,20,2
train-evening-07-m019-h2,train-evening-07,train,evening,10027,9,19,19,21,2
train-evening-07-m020-h2,train-evening-07,train,evening,10027,10,20,20,22,2
train-evening-07-m021-h2,train-evening-07,train,evening,10027,11,21,21,23,2
train-evening-07-m022-h2,train-evening-07,train,evening,10027,12,22,22,24,2
train-evening-07-m023-h2,train-evening-07,train,evening,10027,13,23,23,25,2
train-evening-07-m024-h2,train-evening-07,train,evening,10027,14,24,24,26,2
train-evening-07-m025-h2,train-evening-07,train,evening,10027,15,25,25,27,2
train-evening-07-m026-h2,train-evening-07,train,evening,10027,16,26,26,28,2
train-evening-07-m027-h2,train-evening-07,train,evening,10027,17,27,27,29,2
train-evening-07-m028-h2,train-evening-07,train,evening,10027,18,28,28,30,2
train-evening-07-m029-h2,train-evening-07,train,evening,10027,19,29,29,31,2
train-evening-07-m030-h2,train-evening-07,train,evening,10027,20,30,30,32,2
train-evening-07-m031-h2,train-evening-07,train,evening,10027,21,31,31,33,2
train-evening-07-m032-h2,train-evening-07,train,evening,10027,22,32,32,34,2
train-evening-07-m033-h2,train-evening-07,train,evening,10027,23,33,33,35,2
train-evening-07-m034-h2,train-evening-07,train,evening,10027,24,34,34,36,2
train-evening-07-m035-h2,train-evening-07,train,evening,10027,25,35,35,37,2
train-evening-07-m036-h2,train-evening-07,train,evening,10027,26,36,36,38,2
train-evening-07-m037-h2,train-evening-07,train,evening,10027,27,37,37,39,2
train-evening-07-m038-h2,train-evening-07,train,evening,10027,28,38,38,40,2
train-evening-07-m039-h2,train-evening-07,train,evening,10027,29,39,39,41,2
train-evening-07-m040-h2,train-evening-07,train,evening,10027,30,40,40,42,2
train-evening-07-m041-h2,train-evening-07,train,evening,10027,31,41,41,43,2
train-evening-07-m042-h2,train-evening-07,train,evening,10027,32,42,42,44,2
train-evening-07-m043-h2,train-evening-07,train,evening,10027,33,43,43,45,2
train-evening-07-m044-h2,train-evening-07,train,evening,10027,34,44,44,46,2
train-evening-07-m045-h2,train-evening-07,train,evening,10027,35,45,45,47,2
train-evening-07-m046-h2,train-evening-07,train,evening,10027,36,46,46,48,2
train-evening-07-m047-h2,train-evening-07,train,evening,10027,37,47,47,49,2
train-evening-07-m048-h2,train-evening-07,train,evening,10027,38,48,48,50,2
train-evening-07-m049-h2,train-evening-07,train,evening,10027,39,49,49,51,2
train-evening-07-m050-h2,train-evening-07,train,evening,10027,40,50,50,52,2
train-evening-07-m051-h2,train-evening-07,train,evening,10027,41,51,51,53,2
train-evening-07-m052-h2,train-evening-07,train,evening,10027,42,52,52,54,2
train-evening-07-m053-h2,train-evening-07,train,evening,10027,43,53,53,55,2
train-evening-07-m054-h2,train-evening-07,train,evening,10027,44,54,54,56,2
train-evening-07-m055-h2,train-evening-07,train,evening,10027,45,55,55,57,2
train-evening-07-m056-h2,train-evening-07,train,evening,10027,46,56,56,58,2
train-evening-07-m057-h2,train-evening-07,train,evening,10027,47,57,57,59,2
train-evening-07-m058-h2,train-evening-07,train,evening,10027,48,58,58,60,2
train-evening-07-m059-h2,train-evening-07,train,evening,10027,49,59,59,61,2
train-evening-07-m060-h2,train-evening-07,train,evening,10027,50,60,60,62,2
train-evening-07-m061-h2,train-evening-07,train,evening,10027,51,61,61,63,2
train-evening-07-m062-h2,train-evening-07,train,evening,10027,52,62,62,64,2
train-evening-07-m063-h2,train-evening-07,train,evening,10027,53,63,63,65,2
train-evening-07-m064-h2,train-evening-07,train,evening,10027,54,64,64,66,2
train-evening-07-m065-h2,train-evening-07,train,evening,10027,55,65,65,67,2
train-evening-07-m066-h2,train-evening-07,train,evening,10027,56,66,66,68,2
train-evening-07-m067-h2,train-evening-07,train,evening,10027,57,67,67,69,2
train-evening-07-m068-h2,train-evening-07,train,evening,10027,58,68,68,70,2
train-evening-07-m069-h2,train-evening-07,train,evening,10027,59,69,69,71,2
train-evening-07-m070-h2,train-evening-07,train,evening,10027,60,70,70,72,2
train-evening-07-m071-h2,train-evening-07,train,evening,10027,61,71,71,73,2
train-evening-07-m072-h2,train-evening-07,train,evening,10027,62,72,72,74,2
train-evening-07-m073-h2,train-evening-07,train,evening,10027,63,73,73,75,2
train-evening-08-m010-h2,train-evening-08,train,evening,10028,0,10,10,12,2
train-evening-08-m011-h2,train-evening-08,train,evening,10028,1,11,11,13,2
train-evening-08-m012-h2,train-evening-08,train,evening,10028,2,12,12,14,2
train-evening-08-m013-h2,train-evening-08,train,evening,10028,3,13,13,15,2
train-evening-08-m014-h2,train-evening-08,train,evening,10028,4,14,14,16,2
train-evening-08-m015-h2,train-evening-08,train,evening,10028,5,15,15,17,2
train-evening-08-m016-h2,train-evening-08,train,evening,10028,6,16,16,18,2
train-evening-08-m017-h2,train-evening-08,train,evening,10028,7,17,17,19,2
train-evening-08-m018-h2,train-evening-08,train,evening,10028,8,18,18,20,2
train-evening-08-m019-h2,train-evening-08,train,evening,10028,9,19,19,21,2
train-evening-08-m020-h2,train-evening-08,train,evening,10028,10,20,20,22,2
train-evening-08-m021-h2,train-evening-08,train,evening,10028,11,21,21,23,2
train-evening-08-m022-h2,train-evening-08,train,evening,10028,12,22,22,24,2
train-evening-08-m023-h2,train-evening-08,train,evening,10028,13,23,23,25,2
train-evening-08-m024-h2,train-evening-08,train,evening,10028,14,24,24,26,2
train-evening-08-m025-h2,train-evening-08,train,evening,10028,15,25,25,27,2
train-evening-08-m026-h2,train-evening-08,train,evening,10028,16,26,26,28,2
train-evening-08-m027-h2,train-evening-08,train,evening,10028,17,27,27,29,2
train-evening-08-m028-h2,train-evening-08,train,evening,10028,18,28,28,30,2
train-evening-08-m029-h2,train-evening-08,train,evening,10028,19,29,29,31,2
train-evening-08-m030-h2,train-evening-08,train,evening,10028,20,30,30,32,2
train-evening-08-m031-h2,train-evening-08,train,evening,10028,21,31,31,33,2
train-evening-08-m032-h2,train-evening-08,train,evening,10028,22,32,32,34,2
train-evening-08-m033-h2,train-evening-08,train,evening,10028,23,33,33,35,2
train-evening-08-m034-h2,train-evening-08,train,evening,10028,24,34,34,36,2
train-evening-08-m035-h2,train-evening-08,train,evening,10028,25,35,35,37,2
train-evening-08-m036-h2,train-evening-08,train,evening,10028,26,36,36,38,2
train-evening-08-m037-h2,train-evening-08,train,evening,10028,27,37,37,39,2
train-evening-08-m038-h2,train-evening-08,train,evening,10028,28,38,38,40,2
train-evening-08-m039-h2,train-evening-08,train,evening,10028,29,39,39,41,2
train-evening-08-m040-h2,train-evening-08,train,evening,10028,30,40,40,42,2
train-evening-08-m041-h2,train-evening-08,train,evening,10028,31,41,41,43,2
train-evening-08-m042-h2,train-evening-08,train,evening,10028,32,42,42,44,2
train-evening-08-m043-h2,train-evening-08,train,evening,10028,33,43,43,45,2
train-evening-08-m044-h2,train-evening-08,train,evening,10028,34,44,44,46,2
train-evening-08-m045-h2,train-evening-08,train,evening,10028,35,45,45,47,2
train-evening-08-m046-h2,train-evening-08,train,evening,10028,36,46,46,48,2
train-evening-08-m047-h2,train-evening-08,train,evening,10028,37,47,47,49,2
train-evening-08-m048-h2,train-evening-08,train,evening,10028,38,48,48,50,2
train-evening-08-m049-h2,train-evening-08,train,evening,10028,39,49,49,51,2
train-evening-08-m050-h2,train-evening-08,train,evening,10028,40,50,50,52,2
train-evening-08-m051-h2,train-evening-08,train,evening,10028,41,51,51,53,2
train-evening-08-m052-h2,train-evening-08,train,evening,10028,42,52,52,54,2
train-evening-08-m053-h2,train-evening-08,train,evening,10028,43,53,53,55,2
train-evening-08-m054-h2,train-evening-08,train,evening,10028,44,54,54,56,2
train-evening-08-m055-h2,train-evening-08,train,evening,10028,45,55,55,57,2
train-evening-08-m056-h2,train-evening-08,train,evening,10028,46,56,56,58,2
train-evening-08-m057-h2,train-evening-08,train,evening,10028,47,57,57,59,2
train-evening-08-m058-h2,train-evening-08,train,evening,10028,48,58,58,60,2
train-evening-08-m059-h2,train-evening-08,train,evening,10028,49,59,59,61,2
train-evening-08-m060-h2,train-evening-08,train,evening,10028,50,60,60,62,2
train-evening-08-m061-h2,train-evening-08,train,evening,10028,51,61,61,63,2
train-evening-08-m062-h2,train-evening-08,train,evening,10028,52,62,62,64,2
train-evening-08-m063-h2,train-evening-08,train,evening,10028,53,63,63,65,2
train-evening-08-m064-h2,train-evening-08,train,evening,10028,54,64,64,66,2
train-evening-08-m065-h2,train-evening-08,train,evening,10028,55,65,65,67,2
train-evening-08-m066-h2,train-evening-08,train,evening,10028,56,66,66,68,2
train-evening-08-m067-h2,train-evening-08,train,evening,10028,57,67,67,69,2
train-evening-08-m068-h2,train-evening-08,train,evening,10028,58,68,68,70,2
train-evening-08-m069-h2,train-evening-08,train,evening,10028,59,69,69,71,2
train-evening-08-m070-h2,train-evening-08,train,evening,10028,60,70,70,72,2
train-evening-08-m071-h2,train-evening-08,train,evening,10028,61,71,71,73,2
train-evening-08-m072-h2,train-evening-08,train,evening,10028,62,72,72,74,2
train-evening-08-m073-h2,train-evening-08,train,evening,10028,63,73,73,75,2
train-evening-09-m010-h2,train-evening-09,train,evening,10029,0,10,10,12,2
train-evening-09-m011-h2,train-evening-09,train,evening,10029,1,11,11,13,2
train-evening-09-m012-h2,train-evening-09,train,evening,10029,2,12,12,14,2
train-evening-09-m013-h2,train-evening-09,train,evening,10029,3,13,13,15,2
train-evening-09-m014-h2,train-evening-09,train,evening,10029,4,14,14,16,2
train-evening-09-m015-h2,train-evening-09,train,evening,10029,5,15,15,17,2
train-evening-09-m016-h2,train-evening-09,train,evening,10029,6,16,16,18,2
train-evening-09-m017-h2,train-evening-09,train,evening,10029,7,17,17,19,2
train-evening-09-m018-h2,train-evening-09,train,evening,10029,8,18,18,20,2
train-evening-09-m019-h2,train-evening-09,train,evening,10029,9,19,19,21,2
train-evening-09-m020-h2,train-evening-09,train,evening,10029,10,20,20,22,2
train-evening-09-m021-h2,train-evening-09,train,evening,10029,11,21,21,23,2
train-evening-09-m022-h2,train-evening-09,train,evening,10029,12,22,22,24,2
train-evening-09-m023-h2,train-evening-09,train,evening,10029,13,23,23,25,2
train-evening-09-m024-h2,train-evening-09,train,evening,10029,14,24,24,26,2
train-evening-09-m025-h2,train-evening-09,train,evening,10029,15,25,25,27,2
train-evening-09-m026-h2,train-evening-09,train,evening,10029,16,26,26,28,2
train-evening-09-m027-h2,train-evening-09,train,evening,10029,17,27,27,29,2
train-evening-09-m028-h2,train-evening-09,train,evening,10029,18,28,28,30,2
train-evening-09-m029-h2,train-evening-09,train,evening,10029,19,29,29,31,2
train-evening-09-m030-h2,train-evening-09,train,evening,10029,20,30,30,32,2
train-evening-09-m031-h2,train-evening-09,train,evening,10029,21,31,31,33,2
train-evening-09-m032-h2,train-evening-09,train,evening,10029,22,32,32,34,2
train-evening-09-m033-h2,train-evening-09,train,evening,10029,23,33,33,35,2
train-evening-09-m034-h2,train-evening-09,train,evening,10029,24,34,34,36,2
train-evening-09-m035-h2,train-evening-09,train,evening,10029,25,35,35,37,2
train-evening-09-m036-h2,train-evening-09,train,evening,10029,26,36,36,38,2
train-evening-09-m037-h2,train-evening-09,train,evening,10029,27,37,37,39,2
train-evening-09-m038-h2,train-evening-09,train,evening,10029,28,38,38,40,2
train-evening-09-m039-h2,train-evening-09,train,evening,10029,29,39,39,41,2
train-evening-09-m040-h2,train-evening-09,train,evening,10029,30,40,40,42,2
train-evening-09-m041-h2,train-evening-09,train,evening,10029,31,41,41,43,2
train-evening-09-m042-h2,train-evening-09,train,evening,10029,32,42,42,44,2
train-evening-09-m043-h2,train-evening-09,train,evening,10029,33,43,43,45,2
train-evening-09-m044-h2,train-evening-09,train,evening,10029,34,44,44,46,2
train-evening-09-m045-h2,train-evening-09,train,evening,10029,35,45,45,47,2
train-evening-09-m046-h2,train-evening-09,train,evening,10029,36,46,46,48,2
train-evening-09-m047-h2,train-evening-09,train,evening,10029,37,47,47,49,2
train-evening-09-m048-h2,train-evening-09,train,evening,10029,38,48,48,50,2
train-evening-09-m049-h2,train-evening-09,train,evening,10029,39,49,49,51,2
train-evening-09-m050-h2,train-evening-09,train,evening,10029,40,50,50,52,2
train-evening-09-m051-h2,train-evening-09,train,evening,10029,41,51,51,53,2
train-evening-09-m052-h2,train-evening-09,train,evening,10029,42,52,52,54,2
train-evening-09-m053-h2,train-evening-09,train,evening,10029,43,53,53,55,2
train-evening-09-m054-h2,train-evening-09,train,evening,10029,44,54,54,56,2
train-evening-09-m055-h2,train-evening-09,train,evening,10029,45,55,55,57,2
train-evening-09-m056-h2,train-evening-09,train,evening,10029,46,56,56,58,2
train-evening-09-m057-h2,train-evening-09,train,evening,10029,47,57,57,59,2
train-evening-09-m058-h2,train-evening-09,train,evening,10029,48,58,58,60,2
train-evening-09-m059-h2,train-evening-09,train,evening,10029,49,59,59,61,2
train-evening-09-m060-h2,train-evening-09,train,evening,10029,50,60,60,62,2
train-evening-09-m061-h2,train-evening-09,train,evening,10029,51,61,61,63,2
train-evening-09-m062-h2,train-evening-09,train,evening,10029,52,62,62,64,2
train-evening-09-m063-h2,train-evening-09,train,evening,10029,53,63,63,65,2
train-evening-09-m064-h2,train-evening-09,train,evening,10029,54,64,64,66,2
train-evening-09-m065-h2,train-evening-09,train,evening,10029,55,65,65,67,2
train-evening-09-m066-h2,train-evening-09,train,evening,10029,56,66,66,68,2
train-evening-09-m067-h2,train-evening-09,train,evening,10029,57,67,67,69,2
train-evening-09-m068-h2,train-evening-09,train,evening,10029,58,68,68,70,2
train-evening-09-m069-h2,train-evening-09,train,evening,10029,59,69,69,71,2
train-evening-09-m070-h2,train-evening-09,train,evening,10029,60,70,70,72,2
train-evening-09-m071-h2,train-evening-09,train,evening,10029,61,71,71,73,2
train-evening-09-m072-h2,train-evening-09,train,evening,10029,62,72,72,74,2
train-evening-09-m073-h2,train-evening-09,train,evening,10029,63,73,73,75,2
train-mixed-00-m010-h2,train-mixed-00,train,mixed,10030,0,10,10,12,2
train-mixed-00-m011-h2,train-mixed-00,train,mixed,10030,1,11,11,13,2
train-mixed-00-m012-h2,train-mixed-00,train,mixed,10030,2,12,12,14,2
train-mixed-00-m013-h2,train-mixed-00,train,mixed,10030,3,13,13,15,2
train-mixed-00-m014-h2,train-mixed-00,train,mixed,10030,4,14,14,16,2
train-mixed-00-m015-h2,train-mixed-00,train,mixed,10030,5,15,15,17,2
train-mixed-00-m016-h2,train-mixed-00,train,mixed,10030,6,16,16,18,2
train-mixed-00-m017-h2,train-mixed-00,train,mixed,10030,7,17,17,19,2
train-mixed-00-m018-h2,train-mixed-00,train,mixed,10030,8,18,18,20,2
train-mixed-00-m019-h2,train-mixed-00,train,mixed,10030,9,19,19,21,2
train-mixed-00-m020-h2,train-mixed-00,train,mixed,10030,10,20,20,22,2
train-mixed-00-m021-h2,train-mixed-00,train,mixed,10030,11,21,21,23,2
train-mixed-00-m022-h2,train-mixed-00,train,mixed,10030,12,22,22,24,2
train-mixed-00-m023-h2,train-mixed-00,train,mixed,10030,13,23,23,25,2
train-mixed-00-m024-h2,train-mixed-00,train,mixed,10030,14,24,24,26,2
train-mixed-00-m025-h2,train-mixed-00,train,mixed,10030,15,25,25,27,2
train-mixed-00-m026-h2,train-mixed-00,train,mixed,10030,16,26,26,28,2
train-mixed-00-m027-h2,train-mixed-00,train,mixed,10030,17,27,27,29,2
train-mixed-00-m028-h2,train-mixed-00,train,mixed,10030,18,28,28,30,2
train-mixed-00-m029-h2,train-mixed-00,train,mixed,10030,19,29,29,31,2
train-mixed-00-m030-h2,train-mixed-00,train,mixed,10030,20,30,30,32,2
train-mixed-00-m031-h2,train-mixed-00,train,mixed,10030,21,31,31,33,2
train-mixed-00-m032-h2,train-mixed-00,train,mixed,10030,22,32,32,34,2
train-mixed-00-m033-h2,train-mixed-00,train,mixed,10030,23,33,33,35,2
train-mixed-00-m034-h2,train-mixed-00,train,mixed,10030,24,34,34,36,2
train-mixed-00-m035-h2,train-mixed-00,train,mixed,10030,25,35,35,37,2
train-mixed-00-m036-h2,train-mixed-00,train,mixed,10030,26,36,36,38,2
train-mixed-00-m037-h2,train-mixed-00,train,mixed,10030,27,37,37,39,2
train-mixed-00-m038-h2,train-mixed-00,train,mixed,10030,28,38,38,40,2
train-mixed-00-m039-h2,train-mixed-00,train,mixed,10030,29,39,39,41,2
train-mixed-00-m040-h2,train-mixed-00,train,mixed,10030,30,40,40,42,2
train-mixed-00-m041-h2,train-mixed-00,train,mixed,10030,31,41,41,43,2
train-mixed-00-m042-h2,train-mixed-00,train,mixed,10030,32,42,42,44,2
train-mixed-00-m043-h2,train-mixed-00,train,mixed,10030,33,43,43,45,2
train-mixed-00-m044-h2,train-mixed-00,train,mixed,10030,34,44,44,46,2
train-mixed-00-m045-h2,train-mixed-00,train,mixed,10030,35,45,45,47,2
train-mixed-00-m046-h2,train-mixed-00,train,mixed,10030,36,46,46,48,2
train-mixed-00-m047-h2,train-mixed-00,train,mixed,10030,37,47,47,49,2
train-mixed-00-m048-h2,train-mixed-00,train,mixed,10030,38,48,48,50,2
train-mixed-00-m049-h2,train-mixed-00,train,mixed,10030,39,49,49,51,2
train-mixed-00-m050-h2,train-mixed-00,train,mixed,10030,40,50,50,52,2
train-mixed-00-m051-h2,train-mixed-00,train,mixed,10030,41,51,51,53,2
train-mixed-00-m052-h2,train-mixed-00,train,mixed,10030,42,52,52,54,2
train-mixed-00-m053-h2,train-mixed-00,train,mixed,10030,43,53,53,55,2
train-mixed-00-m054-h2,train-mixed-00,train,mixed,10030,44,54,54,56,2
train-mixed-00-m055-h2,train-mixed-00,train,mixed,10030,45,55,55,57,2
train-mixed-00-m056-h2,train-mixed-00,train,mixed,10030,46,56,56,58,2
train-mixed-00-m057-h2,train-mixed-00,train,mixed,10030,47,57,57,59,2
train-mixed-00-m058-h2,train-mixed-00,train,mixed,10030,48,58,58,60,2
train-mixed-00-m059-h2,train-mixed-00,train,mixed,10030,49,59,59,61,2
train-mixed-00-m060-h2,train-mixed-00,train,mixed,10030,50,60,60,62,2
train-mixed-00-m061-h2,train-mixed-00,train,mixed,10030,51,61,61,63,2
train-mixed-00-m062-h2,train-mixed-00,train,mixed,10030,52,62,62,64,2
train-mixed-00-m063-h2,train-mixed-00,train,mixed,10030,53,63,63,65,2
train-mixed-00-m064-h2,train-mixed-00,train,mixed,10030,54,64,64,66,2
train-mixed-00-m065-h2,train-mixed-00,train,mixed,10030,55,65,65,67,2
train-mixed-00-m066-h2,train-mixed-00,train,mixed,10030,56,66,66,68,2
train-mixed-00-m067-h2,train-mixed-00,train,mixed,10030,57,67,67,69,2
train-mixed-00-m068-h2,train-mixed-00,train,mixed,10030,58,68,68,70,2
train-mixed-00-m069-h2,train-mixed-00,train,mixed,10030,59,69,69,71,2
train-mixed-00-m070-h2,train-mixed-00,train,mixed,10030,60,70,70,72,2
train-mixed-00-m071-h2,train-mixed-00,train,mixed,10030,61,71,71,73,2
train-mixed-00-m072-h2,train-mixed-00,train,mixed,10030,62,72,72,74,2
train-mixed-00-m073-h2,train-mixed-00,train,mixed,10030,63,73,73,75,2
train-mixed-01-m010-h2,train-mixed-01,train,mixed,10031,0,10,10,12,2
train-mixed-01-m011-h2,train-mixed-01,train,mixed,10031,1,11,11,13,2
train-mixed-01-m012-h2,train-mixed-01,train,mixed,10031,2,12,12,14,2
train-mixed-01-m013-h2,train-mixed-01,train,mixed,10031,3,13,13,15,2
train-mixed-01-m014-h2,train-mixed-01,train,mixed,10031,4,14,14,16,2
train-mixed-01-m015-h2,train-mixed-01,train,mixed,10031,5,15,15,17,2
train-mixed-01-m016-h2,train-mixed-01,train,mixed,10031,6,16,16,18,2
train-mixed-01-m017-h2,train-mixed-01,train,mixed,10031,7,17,17,19,2
train-mixed-01-m018-h2,train-mixed-01,train,mixed,10031,8,18,18,20,2
train-mixed-01-m019-h2,train-mixed-01,train,mixed,10031,9,19,19,21,2
train-mixed-01-m020-h2,train-mixed-01,train,mixed,10031,10,20,20,22,2
train-mixed-01-m021-h2,train-mixed-01,train,mixed,10031,11,21,21,23,2
train-mixed-01-m022-h2,train-mixed-01,train,mixed,10031,12,22,22,24,2
train-mixed-01-m023-h2,train-mixed-01,train,mixed,10031,13,23,23,25,2
train-mixed-01-m024-h2,train-mixed-01,train,mixed,10031,14,24,24,26,2
train-mixed-01-m025-h2,train-mixed-01,train,mixed,10031,15,25,25,27,2
train-mixed-01-m026-h2,train-mixed-01,train,mixed,10031,16,26,26,28,2
train-mixed-01-m027-h2,train-mixed-01,train,mixed,10031,17,27,27,29,2
train-mixed-01-m028-h2,train-mixed-01,train,mixed,10031,18,28,28,30,2
train-mixed-01-m029-h2,train-mixed-01,train,mixed,10031,19,29,29,31,2
train-mixed-01-m030-h2,train-mixed-01,train,mixed,10031,20,30,30,32,2
train-mixed-01-m031-h2,train-mixed-01,train,mixed,10031,21,31,31,33,2
train-mixed-01-m032-h2,train-mixed-01,train,mixed,10031,22,32,32,34,2
train-mixed-01-m033-h2,train-mixed-01,train,mixed,10031,23,33,33,35,2
train-mixed-01-m034-h2,train-mixed-01,train,mixed,10031,24,34,34,36,2
train-mixed-01-m035-h2,train-mixed-01,train,mixed,10031,25,35,35,37,2
train-mixed-01-m036-h2,train-mixed-01,train,mixed,10031,26,36,36,38,2
train-mixed-01-m037-h2,train-mixed-01,train,mixed,10031,27,37,37,39,2
train-mixed-01-m038-h2,train-mixed-01,train,mixed,10031,28,38,38,40,2
train-mixed-01-m039-h2,train-mixed-01,train,mixed,10031,29,39,39,41,2
train-mixed-01-m040-h2,train-mixed-01,train,mixed,10031,30,40,40,42,2
train-mixed-01-m041-h2,train-mixed-01,train,mixed,10031,31,41,41,43,2
train-mixed-01-m042-h2,train-mixed-01,train,mixed,10031,32,42,42,44,2
train-mixed-01-m043-h2,train-mixed-01,train,mixed,10031,33,43,43,45,2
train-mixed-01-m044-h2,train-mixed-01,train,mixed,10031,34,44,44,46,2
train-mixed-01-m045-h2,train-mixed-01,train,mixed,10031,35,45,45,47,2
train-mixed-01-m046-h2,train-mixed-01,train,mixed,10031,36,46,46,48,2
train-mixed-01-m047-h2,train-mixed-01,train,mixed,10031,37,47,47,49,2
train-mixed-01-m048-h2,train-mixed-01,train,mixed,10031,38,48,48,50,2
train-mixed-01-m049-h2,train-mixed-01,train,mixed,10031,39,49,49,51,2
train-mixed-01-m050-h2,train-mixed-01,train,mixed,10031,40,50,50,52,2
train-mixed-01-m051-h2,train-mixed-01,train,mixed,10031,41,51,51,53,2
train-mixed-01-m052-h2,train-mixed-01,train,mixed,10031,42,52,52,54,2
train-mixed-01-m053-h2,train-mixed-01,train,mixed,10031,43,53,53,55,2
train-mixed-01-m054-h2,train-mixed-01,train,mixed,10031,44,54,54,56,2
train-mixed-01-m055-h2,train-mixed-01,train,mixed,10031,45,55,55,57,2
train-mixed-01-m056-h2,train-mixed-01,train,mixed,10031,46,56,56,58,2
train-mixed-01-m057-h2,train-mixed-01,train,mixed,10031,47,57,57,59,2
train-mixed-01-m058-h2,train-mixed-01,train,mixed,10031,48,58,58,60,2
train-mixed-01-m059-h2,train-mixed-01,train,mixed,10031,49,59,59,61,2
train-mixed-01-m060-h2,train-mixed-01,train,mixed,10031,50,60,60,62,2
train-mixed-01-m061-h2,train-mixed-01,train,mixed,10031,51,61,61,63,2
train-mixed-01-m062-h2,train-mixed-01,train,mixed,10031,52,62,62,64,2
train-mixed-01-m063-h2,train-mixed-01,train,mixed,10031,53,63,63,65,2
train-mixed-01-m064-h2,train-mixed-01,train,mixed,10031,54,64,64,66,2
train-mixed-01-m065-h2,train-mixed-01,train,mixed,10031,55,65,65,67,2
train-mixed-01-m066-h2,train-mixed-01,train,mixed,10031,56,66,66,68,2
train-mixed-01-m067-h2,train-mixed-01,train,mixed,10031,57,67,67,69,2
train-mixed-01-m068-h2,train-mixed-01,train,mixed,10031,58,68,68,70,2
train-mixed-01-m069-h2,train-mixed-01,train,mixed,10031,59,69,69,71,2
train-mixed-01-m070-h2,train-mixed-01,train,mixed,10031,60,70,70,72,2
train-mixed-01-m071-h2,train-mixed-01,train,mixed,10031,61,71,71,73,2
train-mixed-01-m072-h2,train-mixed-01,train,mixed,10031,62,72,72,74,2
train-mixed-01-m073-h2,train-mixed-01,train,mixed,10031,63,73,73,75,2
train-mixed-02-m010-h2,train-mixed-02,train,mixed,10032,0,10,10,12,2
train-mixed-02-m011-h2,train-mixed-02,train,mixed,10032,1,11,11,13,2
train-mixed-02-m012-h2,train-mixed-02,train,mixed,10032,2,12,12,14,2
train-mixed-02-m013-h2,train-mixed-02,train,mixed,10032,3,13,13,15,2
train-mixed-02-m014-h2,train-mixed-02,train,mixed,10032,4,14,14,16,2
train-mixed-02-m015-h2,train-mixed-02,train,mixed,10032,5,15,15,17,2
train-mixed-02-m016-h2,train-mixed-02,train,mixed,10032,6,16,16,18,2
train-mixed-02-m017-h2,train-mixed-02,train,mixed,10032,7,17,17,19,2
train-mixed-02-m018-h2,train-mixed-02,train,mixed,10032,8,18,18,20,2
train-mixed-02-m019-h2,train-mixed-02,train,mixed,10032,9,19,19,21,2
train-mixed-02-m020-h2,train-mixed-02,train,mixed,10032,10,20,20,22,2
train-mixed-02-m021-h2,train-mixed-02,train,mixed,10032,11,21,21,23,2
train-mixed-02-m022-h2,train-mixed-02,train,mixed,10032,12,22,22,24,2
train-mixed-02-m023-h2,train-mixed-02,train,mixed,10032,13,23,23,25,2
train-mixed-02-m024-h2,train-mixed-02,train,mixed,10032,14,24,24,26,2
train-mixed-02-m025-h2,train-mixed-02,train,mixed,10032,15,25,25,27,2
train-mixed-02-m026-h2,train-mixed-02,train,mixed,10032,16,26,26,28,2
train-mixed-02-m027-h2,train-mixed-02,train,mixed,10032,17,27,27,29,2
train-mixed-02-m028-h2,train-mixed-02,train,mixed,10032,18,28,28,30,2
train-mixed-02-m029-h2,train-mixed-02,train,mixed,10032,19,29,29,31,2
train-mixed-02-m030-h2,train-mixed-02,train,mixed,10032,20,30,30,32,2
train-mixed-02-m031-h2,train-mixed-02,train,mixed,10032,21,31,31,33,2
train-mixed-02-m032-h2,train-mixed-02,train,mixed,10032,22,32,32,34,2
train-mixed-02-m033-h2,train-mixed-02,train,mixed,10032,23,33,33,35,2
train-mixed-02-m034-h2,train-mixed-02,train,mixed,10032,24,34,34,36,2
train-mixed-02-m035-h2,train-mixed-02,train,mixed,10032,25,35,35,37,2
train-mixed-02-m036-h2,train-mixed-02,train,mixed,10032,26,36,36,38,2
train-mixed-02-m037-h2,train-mixed-02,train,mixed,10032,27,37,37,39,2
train-mixed-02-m038-h2,train-mixed-02,train,mixed,10032,28,38,38,40,2
train-mixed-02-m039-h2,train-mixed-02,train,mixed,10032,29,39,39,41,2
train-mixed-02-m040-h2,train-mixed-02,train,mixed,10032,30,40,40,42,2
train-mixed-02-m041-h2,train-mixed-02,train,mixed,10032,31,41,41,43,2
train-mixed-02-m042-h2,train-mixed-02,train,mixed,10032,32,42,42,44,2
train-mixed-02-m043-h2,train-mixed-02,train,mixed,10032,33,43,43,45,2
train-mixed-02-m044-h2,train-mixed-02,train,mixed,10032,34,44,44,46,2
train-mixed-02-m045-h2,train-mixed-02,train,mixed,10032,35,45,45,47,2
train-mixed-02-m046-h2,train-mixed-02,train,mixed,10032,36,46,46,48,2
train-mixed-02-m047-h2,train-mixed-02,train,mixed,10032,37,47,47,49,2
train-mixed-02-m048-h2,train-mixed-02,train,mixed,10032,38,48,48,50,2
train-mixed-02-m049-h2,train-mixed-02,train,mixed,10032,39,49,49,51,2
train-mixed-02-m050-h2,train-mixed-02,train,mixed,10032,40,50,50,52,2
train-mixed-02-m051-h2,train-mixed-02,train,mixed,10032,41,51,51,53,2
train-mixed-02-m052-h2,train-mixed-02,train,mixed,10032,42,52,52,54,2
train-mixed-02-m053-h2,train-mixed-02,train,mixed,10032,43,53,53,55,2
train-mixed-02-m054-h2,train-mixed-02,train,mixed,10032,44,54,54,56,2
train-mixed-02-m055-h2,train-mixed-02,train,mixed,10032,45,55,55,57,2
train-mixed-02-m056-h2,train-mixed-02,train,mixed,10032,46,56,56,58,2
train-mixed-02-m057-h2,train-mixed-02,train,mixed,10032,47,57,57,59,2
train-mixed-02-m058-h2,train-mixed-02,train,mixed,10032,48,58,58,60,2
train-mixed-02-m059-h2,train-mixed-02,train,mixed,10032,49,59,59,61,2
train-mixed-02-m060-h2,train-mixed-02,train,mixed,10032,50,60,60,62,2
train-mixed-02-m061-h2,train-mixed-02,train,mixed,10032,51,61,61,63,2
train-mixed-02-m062-h2,train-mixed-02,train,mixed,10032,52,62,62,64,2
train-mixed-02-m063-h2,train-mixed-02,train,mixed,10032,53,63,63,65,2
train-mixed-02-m064-h2,train-mixed-02,train,mixed,10032,54,64,64,66,2
train-mixed-02-m065-h2,train-mixed-02,train,mixed,10032,55,65,65,67,2
train-mixed-02-m066-h2,train-mixed-02,train,mixed,10032,56,66,66,68,2
train-mixed-02-m067-h2,train-mixed-02,train,mixed,10032,57,67,67,69,2
train-mixed-02-m068-h2,train-mixed-02,train,mixed,10032,58,68,68,70,2
train-mixed-02-m069-h2,train-mixed-02,train,mixed,10032,59,69,69,71,2
train-mixed-02-m070-h2,train-mixed-02,train,mixed,10032,60,70,70,72,2
train-mixed-02-m071-h2,train-mixed-02,train,mixed,10032,61,71,71,73,2
train-mixed-02-m072-h2,train-mixed-02,train,mixed,10032,62,72,72,74,2
train-mixed-02-m073-h2,train-mixed-02,train,mixed,10032,63,73,73,75,2
train-mixed-03-m010-h2,train-mixed-03,train,mixed,10033,0,10,10,12,2
train-mixed-03-m011-h2,train-mixed-03,train,mixed,10033,1,11,11,13,2
train-mixed-03-m012-h2,train-mixed-03,train,mixed,10033,2,12,12,14,2
train-mixed-03-m013-h2,train-mixed-03,train,mixed,10033,3,13,13,15,2
train-mixed-03-m014-h2,train-mixed-03,train,mixed,10033,4,14,14,16,2
train-mixed-03-m015-h2,train-mixed-03,train,mixed,10033,5,15,15,17,2
train-mixed-03-m016-h2,train-mixed-03,train,mixed,10033,6,16,16,18,2
train-mixed-03-m017-h2,train-mixed-03,train,mixed,10033,7,17,17,19,2
train-mixed-03-m018-h2,train-mixed-03,train,mixed,10033,8,18,18,20,2
train-mixed-03-m019-h2,train-mixed-03,train,mixed,10033,9,19,19,21,2
train-mixed-03-m020-h2,train-mixed-03,train,mixed,10033,10,20,20,22,2
train-mixed-03-m021-h2,train-mixed-03,train,mixed,10033,11,21,21,23,2
train-mixed-03-m022-h2,train-mixed-03,train,mixed,10033,12,22,22,24,2
train-mixed-03-m023-h2,train-mixed-03,train,mixed,10033,13,23,23,25,2
train-mixed-03-m024-h2,train-mixed-03,train,mixed,10033,14,24,24,26,2
train-mixed-03-m025-h2,train-mixed-03,train,mixed,10033,15,25,25,27,2
train-mixed-03-m026-h2,train-mixed-03,train,mixed,10033,16,26,26,28,2
train-mixed-03-m027-h2,train-mixed-03,train,mixed,10033,17,27,27,29,2
train-mixed-03-m028-h2,train-mixed-03,train,mixed,10033,18,28,28,30,2
train-mixed-03-m029-h2,train-mixed-03,train,mixed,10033,19,29,29,31,2
train-mixed-03-m030-h2,train-mixed-03,train,mixed,10033,20,30,30,32,2
train-mixed-03-m031-h2,train-mixed-03,train,mixed,10033,21,31,31,33,2
train-mixed-03-m032-h2,train-mixed-03,train,mixed,10033,22,32,32,34,2
train-mixed-03-m033-h2,train-mixed-03,train,mixed,10033,23,33,33,35,2
train-mixed-03-m034-h2,train-mixed-03,train,mixed,10033,24,34,34,36,2
train-mixed-03-m035-h2,train-mixed-03,train,mixed,10033,25,35,35,37,2
train-mixed-03-m036-h2,train-mixed-03,train,mixed,10033,26,36,36,38,2
train-mixed-03-m037-h2,train-mixed-03,train,mixed,10033,27,37,37,39,2
train-mixed-03-m038-h2,train-mixed-03,train,mixed,10033,28,38,38,40,2
train-mixed-03-m039-h2,train-mixed-03,train,mixed,10033,29,39,39,41,2
train-mixed-03-m040-h2,train-mixed-03,train,mixed,10033,30,40,40,42,2
train-mixed-03-m041-h2,train-mixed-03,train,mixed,10033,31,41,41,43,2
train-mixed-03-m042-h2,train-mixed-03,train,mixed,10033,32,42,42,44,2
train-mixed-03-m043-h2,train-mixed-03,train,mixed,10033,33,43,43,45,2
train-mixed-03-m044-h2,train-mixed-03,train,mixed,10033,34,44,44,46,2
train-mixed-03-m045-h2,train-mixed-03,train,mixed,10033,35,45,45,47,2
train-mixed-03-m046-h2,train-mixed-03,train,mixed,10033,36,46,46,48,2
train-mixed-03-m047-h2,train-mixed-03,train,mixed,10033,37,47,47,49,2
train-mixed-03-m048-h2,train-mixed-03,train,mixed,10033,38,48,48,50,2
train-mixed-03-m049-h2,train-mixed-03,train,mixed,10033,39,49,49,51,2
train-mixed-03-m050-h2,train-mixed-03,train,mixed,10033,40,50,50,52,2
train-mixed-03-m051-h2,train-mixed-03,train,mixed,10033,41,51,51,53,2
train-mixed-03-m052-h2,train-mixed-03,train,mixed,10033,42,52,52,54,2
train-mixed-03-m053-h2,train-mixed-03,train,mixed,10033,43,53,53,55,2
train-mixed-03-m054-h2,train-mixed-03,train,mixed,10033,44,54,54,56,2
train-mixed-03-m055-h2,train-mixed-03,train,mixed,10033,45,55,55,57,2
train-mixed-03-m056-h2,train-mixed-03,train,mixed,10033,46,56,56,58,2
train-mixed-03-m057-h2,train-mixed-03,train,mixed,10033,47,57,57,59,2
train-mixed-03-m058-h2,train-mixed-03,train,mixed,10033,48,58,58,60,2
train-mixed-03-m059-h2,train-mixed-03,train,mixed,10033,49,59,59,61,2
train-mixed-03-m060-h2,train-mixed-03,train,mixed,10033,50,60,60,62,2
train-mixed-03-m061-h2,train-mixed-03,train,mixed,10033,51,61,61,63,2
train-mixed-03-m062-h2,train-mixed-03,train,mixed,10033,52,62,62,64,2
train-mixed-03-m063-h2,train-mixed-03,train,mixed,10033,53,63,63,65,2
train-mixed-03-m064-h2,train-mixed-03,train,mixed,10033,54,64,64,66,2
train-mixed-03-m065-h2,train-mixed-03,train,mixed,10033,55,65,65,67,2
train-mixed-03-m066-h2,train-mixed-03,train,mixed,10033,56,66,66,68,2
train-mixed-03-m067-h2,train-mixed-03,train,mixed,10033,57,67,67,69,2
train-mixed-03-m068-h2,train-mixed-03,train,mixed,10033,58,68,68,70,2
train-mixed-03-m069-h2,train-mixed-03,train,mixed,10033,59,69,69,71,2
train-mixed-03-m070-h2,train-mixed-03,train,mixed,10033,60,70,70,72,2
train-mixed-03-m071-h2,train-mixed-03,train,mixed,10033,61,71,71,73,2
train-mixed-03-m072-h2,train-mixed-03,train,mixed,10033,62,72,72,74,2
train-mixed-03-m073-h2,train-mixed-03,train,mixed,10033,63,73,73,75,2
train-mixed-04-m010-h2,train-mixed-04,train,mixed,10034,0,10,10,12,2
train-mixed-04-m011-h2,train-mixed-04,train,mixed,10034,1,11,11,13,2
train-mixed-04-m012-h2,train-mixed-04,train,mixed,10034,2,12,12,14,2
train-mixed-04-m013-h2,train-mixed-04,train,mixed,10034,3,13,13,15,2
train-mixed-04-m014-h2,train-mixed-04,train,mixed,10034,4,14,14,16,2
train-mixed-04-m015-h2,train-mixed-04,train,mixed,10034,5,15,15,17,2
train-mixed-04-m016-h2,train-mixed-04,train,mixed,10034,6,16,16,18,2
train-mixed-04-m017-h2,train-mixed-04,train,mixed,10034,7,17,17,19,2
train-mixed-04-m018-h2,train-mixed-04,train,mixed,10034,8,18,18,20,2
train-mixed-04-m019-h2,train-mixed-04,train,mixed,10034,9,19,19,21,2
train-mixed-04-m020-h2,train-mixed-04,train,mixed,10034,10,20,20,22,2
train-mixed-04-m021-h2,train-mixed-04,train,mixed,10034,11,21,21,23,2
train-mixed-04-m022-h2,train-mixed-04,train,mixed,10034,12,22,22,24,2
train-mixed-04-m023-h2,train-mixed-04,train,mixed,10034,13,23,23,25,2
train-mixed-04-m024-h2,train-mixed-04,train,mixed,10034,14,24,24,26,2
train-mixed-04-m025-h2,train-mixed-04,train,mixed,10034,15,25,25,27,2
train-mixed-04-m026-h2,train-mixed-04,train,mixed,10034,16,26,26,28,2
train-mixed-04-m027-h2,train-mixed-04,train,mixed,10034,17,27,27,29,2
train-mixed-04-m028-h2,train-mixed-04,train,mixed,10034,18,28,28,30,2
train-mixed-04-m029-h2,train-mixed-04,train,mixed,10034,19,29,29,31,2
train-mixed-04-m030-h2,train-mixed-04,train,mixed,10034,20,30,30,32,2
train-mixed-04-m031-h2,train-mixed-04,train,mixed,10034,21,31,31,33,2
train-mixed-04-m032-h2,train-mixed-04,train,mixed,10034,22,32,32,34,2
train-mixed-04-m033-h2,train-mixed-04,train,mixed,10034,23,33,33,35,2
train-mixed-04-m034-h2,train-mixed-04,train,mixed,10034,24,34,34,36,2
train-mixed-04-m035-h2,train-mixed-04,train,mixed,10034,25,35,35,37,2
train-mixed-04-m036-h2,train-mixed-04,train,mixed,10034,26,36,36,38,2
train-mixed-04-m037-h2,train-mixed-04,train,mixed,10034,27,37,37,39,2
train-mixed-04-m038-h2,train-mixed-04,train,mixed,10034,28,38,38,40,2
train-mixed-04-m039-h2,train-mixed-04,train,mixed,10034,29,39,39,41,2
train-mixed-04-m040-h2,train-mixed-04,train,mixed,10034,30,40,40,42,2
train-mixed-04-m041-h2,train-mixed-04,train,mixed,10034,31,41,41,43,2
train-mixed-04-m042-h2,train-mixed-04,train,mixed,10034,32,42,42,44,2
train-mixed-04-m043-h2,train-mixed-04,train,mixed,10034,33,43,43,45,2
train-mixed-04-m044-h2,train-mixed-04,train,mixed,10034,34,44,44,46,2
train-mixed-04-m045-h2,train-mixed-04,train,mixed,10034,35,45,45,47,2
train-mixed-04-m046-h2,train-mixed-04,train,mixed,10034,36,46,46,48,2
train-mixed-04-m047-h2,train-mixed-04,train,mixed,10034,37,47,47,49,2
train-mixed-04-m048-h2,train-mixed-04,train,mixed,10034,38,48,48,50,2
train-mixed-04-m049-h2,train-mixed-04,train,mixed,10034,39,49,49,51,2
train-mixed-04-m050-h2,train-mixed-04,train,mixed,10034,40,50,50,52,2
train-mixed-04-m051-h2,train-mixed-04,train,mixed,10034,41,51,51,53,2
train-mixed-04-m052-h2,train-mixed-04,train,mixed,10034,42,52,52,54,2
train-mixed-04-m053-h2,train-mixed-04,train,mixed,10034,43,53,53,55,2
train-mixed-04-m054-h2,train-mixed-04,train,mixed,10034,44,54,54,56,2
train-mixed-04-m055-h2,train-mixed-04,train,mixed,10034,45,55,55,57,2
train-mixed-04-m056-h2,train-mixed-04,train,mixed,10034,46,56,56,58,2
train-mixed-04-m057-h2,train-mixed-04,train,mixed,10034,47,57,57,59,2
train-mixed-04-m058-h2,train-mixed-04,train,mixed,10034,48,58,58,60,2
train-mixed-04-m059-h2,train-mixed-04,train,mixed,10034,49,59,59,61,2
train-mixed-04-m060-h2,train-mixed-04,train,mixed,10034,50,60,60,62,2
train-mixed-04-m061-h2,train-mixed-04,train,mixed,10034,51,61,61,63,2
train-mixed-04-m062-h2,train-mixed-04,train,mixed,10034,52,62,62,64,2
train-mixed-04-m063-h2,train-mixed-04,train,mixed,10034,53,63,63,65,2
train-mixed-04-m064-h2,train-mixed-04,train,mixed,10034,54,64,64,66,2
train-mixed-04-m065-h2,train-mixed-04,train,mixed,10034,55,65,65,67,2
train-mixed-04-m066-h2,train-mixed-04,train,mixed,10034,56,66,66,68,2
train-mixed-04-m067-h2,train-mixed-04,train,mixed,10034,57,67,67,69,2
train-mixed-04-m068-h2,train-mixed-04,train,mixed,10034,58,68,68,70,2
train-mixed-04-m069-h2,train-mixed-04,train,mixed,10034,59,69,69,71,2
train-mixed-04-m070-h2,train-mixed-04,train,mixed,10034,60,70,70,72,2
train-mixed-04-m071-h2,train-mixed-04,train,mixed,10034,61,71,71,73,2
train-mixed-04-m072-h2,train-mixed-04,train,mixed,10034,62,72,72,74,2
train-mixed-04-m073-h2,train-mixed-04,train,mixed,10034,63,73,73,75,2
train-mixed-05-m010-h2,train-mixed-05,train,mixed,10035,0,10,10,12,2
train-mixed-05-m011-h2,train-mixed-05,train,mixed,10035,1,11,11,13,2
train-mixed-05-m012-h2,train-mixed-05,train,mixed,10035,2,12,12,14,2
train-mixed-05-m013-h2,train-mixed-05,train,mixed,10035,3,13,13,15,2
train-mixed-05-m014-h2,train-mixed-05,train,mixed,10035,4,14,14,16,2
train-mixed-05-m015-h2,train-mixed-05,train,mixed,10035,5,15,15,17,2
train-mixed-05-m016-h2,train-mixed-05,train,mixed,10035,6,16,16,18,2
train-mixed-05-m017-h2,train-mixed-05,train,mixed,10035,7,17,17,19,2
train-mixed-05-m018-h2,train-mixed-05,train,mixed,10035,8,18,18,20,2
train-mixed-05-m019-h2,train-mixed-05,train,mixed,10035,9,19,19,21,2
train-mixed-05-m020-h2,train-mixed-05,train,mixed,10035,10,20,20,22,2
train-mixed-05-m021-h2,train-mixed-05,train,mixed,10035,11,21,21,23,2
train-mixed-05-m022-h2,train-mixed-05,train,mixed,10035,12,22,22,24,2
train-mixed-05-m023-h2,train-mixed-05,train,mixed,10035,13,23,23,25,2
train-mixed-05-m024-h2,train-mixed-05,train,mixed,10035,14,24,24,26,2
train-mixed-05-m025-h2,train-mixed-05,train,mixed,10035,15,25,25,27,2
train-mixed-05-m026-h2,train-mixed-05,train,mixed,10035,16,26,26,28,2
train-mixed-05-m027-h2,train-mixed-05,train,mixed,10035,17,27,27,29,2
train-mixed-05-m028-h2,train-mixed-05,train,mixed,10035,18,28,28,30,2
train-mixed-05-m029-h2,train-mixed-05,train,mixed,10035,19,29,29,31,2
train-mixed-05-m030-h2,train-mixed-05,train,mixed,10035,20,30,30,32,2
train-mixed-05-m031-h2,train-mixed-05,train,mixed,10035,21,31,31,33,2
train-mixed-05-m032-h2,train-mixed-05,train,mixed,10035,22,32,32,34,2
train-mixed-05-m033-h2,train-mixed-05,train,mixed,10035,23,33,33,35,2
train-mixed-05-m034-h2,train-mixed-05,train,mixed,10035,24,34,34,36,2
train-mixed-05-m035-h2,train-mixed-05,train,mixed,10035,25,35,35,37,2
train-mixed-05-m036-h2,train-mixed-05,train,mixed,10035,26,36,36,38,2
train-mixed-05-m037-h2,train-mixed-05,train,mixed,10035,27,37,37,39,2
train-mixed-05-m038-h2,train-mixed-05,train,mixed,10035,28,38,38,40,2
train-mixed-05-m039-h2,train-mixed-05,train,mixed,10035,29,39,39,41,2
train-mixed-05-m040-h2,train-mixed-05,train,mixed,10035,30,40,40,42,2
train-mixed-05-m041-h2,train-mixed-05,train,mixed,10035,31,41,41,43,2
train-mixed-05-m042-h2,train-mixed-05,train,mixed,10035,32,42,42,44,2
train-mixed-05-m043-h2,train-mixed-05,train,mixed,10035,33,43,43,45,2
train-mixed-05-m044-h2,train-mixed-05,train,mixed,10035,34,44,44,46,2
train-mixed-05-m045-h2,train-mixed-05,train,mixed,10035,35,45,45,47,2
train-mixed-05-m046-h2,train-mixed-05,train,mixed,10035,36,46,46,48,2
train-mixed-05-m047-h2,train-mixed-05,train,mixed,10035,37,47,47,49,2
train-mixed-05-m048-h2,train-mixed-05,train,mixed,10035,38,48,48,50,2
train-mixed-05-m049-h2,train-mixed-05,train,mixed,10035,39,49,49,51,2
train-mixed-05-m050-h2,train-mixed-05,train,mixed,10035,40,50,50,52,2
train-mixed-05-m051-h2,train-mixed-05,train,mixed,10035,41,51,51,53,2
train-mixed-05-m052-h2,train-mixed-05,train,mixed,10035,42,52,52,54,2
train-mixed-05-m053-h2,train-mixed-05,train,mixed,10035,43,53,53,55,2
train-mixed-05-m054-h2,train-mixed-05,train,mixed,10035,44,54,54,56,2
train-mixed-05-m055-h2,train-mixed-05,train,mixed,10035,45,55,55,57,2
train-mixed-05-m056-h2,train-mixed-05,train,mixed,10035,46,56,56,58,2
train-mixed-05-m057-h2,train-mixed-05,train,mixed,10035,47,57,57,59,2
train-mixed-05-m058-h2,train-mixed-05,train,mixed,10035,48,58,58,60,2
train-mixed-05-m059-h2,train-mixed-05,train,mixed,10035,49,59,59,61,2
train-mixed-05-m060-h2,train-mixed-05,train,mixed,10035,50,60,60,62,2
train-mixed-05-m061-h2,train-mixed-05,train,mixed,10035,51,61,61,63,2
train-mixed-05-m062-h2,train-mixed-05,train,mixed,10035,52,62,62,64,2
train-mixed-05-m063-h2,train-mixed-05,train,mixed,10035,53,63,63,65,2
train-mixed-05-m064-h2,train-mixed-05,train,mixed,10035,54,64,64,66,2
train-mixed-05-m065-h2,train-mixed-05,train,mixed,10035,55,65,65,67,2
train-mixed-05-m066-h2,train-mixed-05,train,mixed,10035,56,66,66,68,2
train-mixed-05-m067-h2,train-mixed-05,train,mixed,10035,57,67,67,69,2
train-mixed-05-m068-h2,train-mixed-05,train,mixed,10035,58,68,68,70,2
train-mixed-05-m069-h2,train-mixed-05,train,mixed,10035,59,69,69,71,2
train-mixed-05-m070-h2,train-mixed-05,train,mixed,10035,60,70,70,72,2
train-mixed-05-m071-h2,train-mixed-05,train,mixed,10035,61,71,71,73,2
train-mixed-05-m072-h2,train-mixed-05,train,mixed,10035,62,72,72,74,2
train-mixed-05-m073-h2,train-mixed-05,train,mixed,10035,63,73,73,75,2
train-mixed-06-m010-h2,train-mixed-06,train,mixed,10036,0,10,10,12,2
train-mixed-06-m011-h2,train-mixed-06,train,mixed,10036,1,11,11,13,2
train-mixed-06-m012-h2,train-mixed-06,train,mixed,10036,2,12,12,14,2
train-mixed-06-m013-h2,train-mixed-06,train,mixed,10036,3,13,13,15,2
train-mixed-06-m014-h2,train-mixed-06,train,mixed,10036,4,14,14,16,2
train-mixed-06-m015-h2,train-mixed-06,train,mixed,10036,5,15,15,17,2
train-mixed-06-m016-h2,train-mixed-06,train,mixed,10036,6,16,16,18,2
train-mixed-06-m017-h2,train-mixed-06,train,mixed,10036,7,17,17,19,2
train-mixed-06-m018-h2,train-mixed-06,train,mixed,10036,8,18,18,20,2
train-mixed-06-m019-h2,train-mixed-06,train,mixed,10036,9,19,19,21,2
train-mixed-06-m020-h2,train-mixed-06,train,mixed,10036,10,20,20,22,2
train-mixed-06-m021-h2,train-mixed-06,train,mixed,10036,11,21,21,23,2
train-mixed-06-m022-h2,train-mixed-06,train,mixed,10036,12,22,22,24,2
train-mixed-06-m023-h2,train-mixed-06,train,mixed,10036,13,23,23,25,2
train-mixed-06-m024-h2,train-mixed-06,train,mixed,10036,14,24,24,26,2
train-mixed-06-m025-h2,train-mixed-06,train,mixed,10036,15,25,25,27,2
train-mixed-06-m026-h2,train-mixed-06,train,mixed,10036,16,26,26,28,2
train-mixed-06-m027-h2,train-mixed-06,train,mixed,10036,17,27,27,29,2
train-mixed-06-m028-h2,train-mixed-06,train,mixed,10036,18,28,28,30,2
train-mixed-06-m029-h2,train-mixed-06,train,mixed,10036,19,29,29,31,2
train-mixed-06-m030-h2,train-mixed-06,train,mixed,10036,20,30,30,32,2
train-mixed-06-m031-h2,train-mixed-06,train,mixed,10036,21,31,31,33,2
train-mixed-06-m032-h2,train-mixed-06,train,mixed,10036,22,32,32,34,2
train-mixed-06-m033-h2,train-mixed-06,train,mixed,10036,23,33,33,35,2
train-mixed-06-m034-h2,train-mixed-06,train,mixed,10036,24,34,34,36,2
train-mixed-06-m035-h2,train-mixed-06,train,mixed,10036,25,35,35,37,2
train-mixed-06-m036-h2,train-mixed-06,train,mixed,10036,26,36,36,38,2
train-mixed-06-m037-h2,train-mixed-06,train,mixed,10036,27,37,37,39,2
train-mixed-06-m038-h2,train-mixed-06,train,mixed,10036,28,38,38,40,2
train-mixed-06-m039-h2,train-mixed-06,train,mixed,10036,29,39,39,41,2
train-mixed-06-m040-h2,train-mixed-06,train,mixed,10036,30,40,40,42,2
train-mixed-06-m041-h2,train-mixed-06,train,mixed,10036,31,41,41,43,2
train-mixed-06-m042-h2,train-mixed-06,train,mixed,10036,32,42,42,44,2
train-mixed-06-m043-h2,train-mixed-06,train,mixed,10036,33,43,43,45,2
train-mixed-06-m044-h2,train-mixed-06,train,mixed,10036,34,44,44,46,2
train-mixed-06-m045-h2,train-mixed-06,train,mixed,10036,35,45,45,47,2
train-mixed-06-m046-h2,train-mixed-06,train,mixed,10036,36,46,46,48,2
train-mixed-06-m047-h2,train-mixed-06,train,mixed,10036,37,47,47,49,2
train-mixed-06-m048-h2,train-mixed-06,train,mixed,10036,38,48,48,50,2
train-mixed-06-m049-h2,train-mixed-06,train,mixed,10036,39,49,49,51,2
train-mixed-06-m050-h2,train-mixed-06,train,mixed,10036,40,50,50,52,2
train-mixed-06-m051-h2,train-mixed-06,train,mixed,10036,41,51,51,53,2
train-mixed-06-m052-h2,train-mixed-06,train,mixed,10036,42,52,52,54,2
train-mixed-06-m053-h2,train-mixed-06,train,mixed,10036,43,53,53,55,2
train-mixed-06-m054-h2,train-mixed-06,train,mixed,10036,44,54,54,56,2
train-mixed-06-m055-h2,train-mixed-06,train,mixed,10036,45,55,55,57,2
train-mixed-06-m056-h2,train-mixed-06,train,mixed,10036,46,56,56,58,2
train-mixed-06-m057-h2,train-mixed-06,train,mixed,10036,47,57,57,59,2
train-mixed-06-m058-h2,train-mixed-06,train,mixed,10036,48,58,58,60,2
train-mixed-06-m059-h2,train-mixed-06,train,mixed,10036,49,59,59,61,2
train-mixed-06-m060-h2,train-mixed-06,train,mixed,10036,50,60,60,62,2
train-mixed-06-m061-h2,train-mixed-06,train,mixed,10036,51,61,61,63,2
train-mixed-06-m062-h2,train-mixed-06,train,mixed,10036,52,62,62,64,2
train-mixed-06-m063-h2,train-mixed-06,train,mixed,10036,53,63,63,65,2
train-mixed-06-m064-h2,train-mixed-06,train,mixed,10036,54,64,64,66,2
train-mixed-06-m065-h2,train-mixed-06,train,mixed,10036,55,65,65,67,2
train-mixed-06-m066-h2,train-mixed-06,train,mixed,10036,56,66,66,68,2
train-mixed-06-m067-h2,train-mixed-06,train,mixed,10036,57,67,67,69,2
train-mixed-06-m068-h2,train-mixed-06,train,mixed,10036,58,68,68,70,2
train-mixed-06-m069-h2,train-mixed-06,train,mixed,10036,59,69,69,71,2
train-mixed-06-m070-h2,train-mixed-06,train,mixed,10036,60,70,70,72,2
train-mixed-06-m071-h2,train-mixed-06,train,mixed,10036,61,71,71,73,2
train-mixed-06-m072-h2,train-mixed-06,train,mixed,10036,62,72,72,74,2
train-mixed-06-m073-h2,train-mixed-06,train,mixed,10036,63,73,73,75,2
train-mixed-07-m010-h2,train-mixed-07,train,mixed,10037,0,10,10,12,2
train-mixed-07-m011-h2,train-mixed-07,train,mixed,10037,1,11,11,13,2
train-mixed-07-m012-h2,train-mixed-07,train,mixed,10037,2,12,12,14,2
train-mixed-07-m013-h2,train-mixed-07,train,mixed,10037,3,13,13,15,2
train-mixed-07-m014-h2,train-mixed-07,train,mixed,10037,4,14,14,16,2
train-mixed-07-m015-h2,train-mixed-07,train,mixed,10037,5,15,15,17,2
train-mixed-07-m016-h2,train-mixed-07,train,mixed,10037,6,16,16,18,2
train-mixed-07-m017-h2,train-mixed-07,train,mixed,10037,7,17,17,19,2
train-mixed-07-m018-h2,train-mixed-07,train,mixed,10037,8,18,18,20,2
train-mixed-07-m019-h2,train-mixed-07,train,mixed,10037,9,19,19,21,2
train-mixed-07-m020-h2,train-mixed-07,train,mixed,10037,10,20,20,22,2
train-mixed-07-m021-h2,train-mixed-07,train,mixed,10037,11,21,21,23,2
train-mixed-07-m022-h2,train-mixed-07,train,mixed,10037,12,22,22,24,2
train-mixed-07-m023-h2,train-mixed-07,train,mixed,10037,13,23,23,25,2
train-mixed-07-m024-h2,train-mixed-07,train,mixed,10037,14,24,24,26,2
train-mixed-07-m025-h2,train-mixed-07,train,mixed,10037,15,25,25,27,2
train-mixed-07-m026-h2,train-mixed-07,train,mixed,10037,16,26,26,28,2
train-mixed-07-m027-h2,train-mixed-07,train,mixed,10037,17,27,27,29,2
train-mixed-07-m028-h2,train-mixed-07,train,mixed,10037,18,28,28,30,2
train-mixed-07-m029-h2,train-mixed-07,train,mixed,10037,19,29,29,31,2
train-mixed-07-m030-h2,train-mixed-07,train,mixed,10037,20,30,30,32,2
train-mixed-07-m031-h2,train-mixed-07,train,mixed,10037,21,31,31,33,2
train-mixed-07-m032-h2,train-mixed-07,train,mixed,10037,22,32,32,34,2
train-mixed-07-m033-h2,train-mixed-07,train,mixed,10037,23,33,33,35,2
train-mixed-07-m034-h2,train-mixed-07,train,mixed,10037,24,34,34,36,2
train-mixed-07-m035-h2,train-mixed-07,train,mixed,10037,25,35,35,37,2
train-mixed-07-m036-h2,train-mixed-07,train,mixed,10037,26,36,36,38,2
train-mixed-07-m037-h2,train-mixed-07,train,mixed,10037,27,37,37,39,2
train-mixed-07-m038-h2,train-mixed-07,train,mixed,10037,28,38,38,40,2
train-mixed-07-m039-h2,train-mixed-07,train,mixed,10037,29,39,39,41,2
train-mixed-07-m040-h2,train-mixed-07,train,mixed,10037,30,40,40,42,2
train-mixed-07-m041-h2,train-mixed-07,train,mixed,10037,31,41,41,43,2
train-mixed-07-m042-h2,train-mixed-07,train,mixed,10037,32,42,42,44,2
train-mixed-07-m043-h2,train-mixed-07,train,mixed,10037,33,43,43,45,2
train-mixed-07-m044-h2,train-mixed-07,train,mixed,10037,34,44,44,46,2
train-mixed-07-m045-h2,train-mixed-07,train,mixed,10037,35,45,45,47,2
train-mixed-07-m046-h2,train-mixed-07,train,mixed,10037,36,46,46,48,2
train-mixed-07-m047-h2,train-mixed-07,train,mixed,10037,37,47,47,49,2
train-mixed-07-m048-h2,train-mixed-07,train,mixed,10037,38,48,48,50,2
train-mixed-07-m049-h2,train-mixed-07,train,mixed,10037,39,49,49,51,2
train-mixed-07-m050-h2,train-mixed-07,train,mixed,10037,40,50,50,52,2
train-mixed-07-m051-h2,train-mixed-07,train,mixed,10037,41,51,51,53,2
train-mixed-07-m052-h2,train-mixed-07,train,mixed,10037,42,52,52,54,2
train-mixed-07-m053-h2,train-mixed-07,train,mixed,10037,43,53,53,55,2
train-mixed-07-m054-h2,train-mixed-07,train,mixed,10037,44,54,54,56,2
train-mixed-07-m055-h2,train-mixed-07,train,mixed,10037,45,55,55,57,2
train-mixed-07-m056-h2,train-mixed-07,train,mixed,10037,46,56,56,58,2
train-mixed-07-m057-h2,train-mixed-07,train,mixed,10037,47,57,57,59,2
train-mixed-07-m058-h2,train-mixed-07,train,mixed,10037,48,58,58,60,2
train-mixed-07-m059-h2,train-mixed-07,train,mixed,10037,49,59,59,61,2
train-mixed-07-m060-h2,train-mixed-07,train,mixed,10037,50,60,60,62,2
train-mixed-07-m061-h2,train-mixed-07,train,mixed,10037,51,61,61,63,2
train-mixed-07-m062-h2,train-mixed-07,train,mixed,10037,52,62,62,64,2
train-mixed-07-m063-h2,train-mixed-07,train,mixed,10037,53,63,63,65,2
train-mixed-07-m064-h2,train-mixed-07,train,mixed,10037,54,64,64,66,2
train-mixed-07-m065-h2,train-mixed-07,train,mixed,10037,55,65,65,67,2
train-mixed-07-m066-h2,train-mixed-07,train,mixed,10037,56,66,66,68,2
train-mixed-07-m067-h2,train-mixed-07,train,mixed,10037,57,67,67,69,2
train-mixed-07-m068-h2,train-mixed-07,train,mixed,10037,58,68,68,70,2
train-mixed-07-m069-h2,train-mixed-07,train,mixed,10037,59,69,69,71,2
train-mixed-07-m070-h2,train-mixed-07,train,mixed,10037,60,70,70,72,2
train-mixed-07-m071-h2,train-mixed-07,train,mixed,10037,61,71,71,73,2
train-mixed-07-m072-h2,train-mixed-07,train,mixed,10037,62,72,72,74,2
train-mixed-07-m073-h2,train-mixed-07,train,mixed,10037,63,73,73,75,2
train-mixed-08-m010-h2,train-mixed-08,train,mixed,10038,0,10,10,12,2
train-mixed-08-m011-h2,train-mixed-08,train,mixed,10038,1,11,11,13,2
train-mixed-08-m012-h2,train-mixed-08,train,mixed,10038,2,12,12,14,2
train-mixed-08-m013-h2,train-mixed-08,train,mixed,10038,3,13,13,15,2
train-mixed-08-m014-h2,train-mixed-08,train,mixed,10038,4,14,14,16,2
train-mixed-08-m015-h2,train-mixed-08,train,mixed,10038,5,15,15,17,2
train-mixed-08-m016-h2,train-mixed-08,train,mixed,10038,6,16,16,18,2
train-mixed-08-m017-h2,train-mixed-08,train,mixed,10038,7,17,17,19,2
train-mixed-08-m018-h2,train-mixed-08,train,mixed,10038,8,18,18,20,2
train-mixed-08-m019-h2,train-mixed-08,train,mixed,10038,9,19,19,21,2
train-mixed-08-m020-h2,train-mixed-08,train,mixed,10038,10,20,20,22,2
train-mixed-08-m021-h2,train-mixed-08,train,mixed,10038,11,21,21,23,2
train-mixed-08-m022-h2,train-mixed-08,train,mixed,10038,12,22,22,24,2
train-mixed-08-m023-h2,train-mixed-08,train,mixed,10038,13,23,23,25,2
train-mixed-08-m024-h2,train-mixed-08,train,mixed,10038,14,24,24,26,2
train-mixed-08-m025-h2,train-mixed-08,train,mixed,10038,15,25,25,27,2
train-mixed-08-m026-h2,train-mixed-08,train,mixed,10038,16,26,26,28,2
train-mixed-08-m027-h2,train-mixed-08,train,mixed,10038,17,27,27,29,2
train-mixed-08-m028-h2,train-mixed-08,train,mixed,10038,18,28,28,30,2
train-mixed-08-m029-h2,train-mixed-08,train,mixed,10038,19,29,29,31,2
train-mixed-08-m030-h2,train-mixed-08,train,mixed,10038,20,30,30,32,2
train-mixed-08-m031-h2,train-mixed-08,train,mixed,10038,21,31,31,33,2
train-mixed-08-m032-h2,train-mixed-08,train,mixed,10038,22,32,32,34,2
train-mixed-08-m033-h2,train-mixed-08,train,mixed,10038,23,33,33,35,2
train-mixed-08-m034-h2,train-mixed-08,train,mixed,10038,24,34,34,36,2
train-mixed-08-m035-h2,train-mixed-08,train,mixed,10038,25,35,35,37,2
train-mixed-08-m036-h2,train-mixed-08,train,mixed,10038,26,36,36,38,2
train-mixed-08-m037-h2,train-mixed-08,train,mixed,10038,27,37,37,39,2
train-mixed-08-m038-h2,train-mixed-08,train,mixed,10038,28,38,38,40,2
train-mixed-08-m039-h2,train-mixed-08,train,mixed,10038,29,39,39,41,2
train-mixed-08-m040-h2,train-mixed-08,train,mixed,10038,30,40,40,42,2
train-mixed-08-m041-h2,train-mixed-08,train,mixed,10038,31,41,41,43,2
train-mixed-08-m042-h2,train-mixed-08,train,mixed,10038,32,42,42,44,2
train-mixed-08-m043-h2,train-mixed-08,train,mixed,10038,33,43,43,45,2
train-mixed-08-m044-h2,train-mixed-08,train,mixed,10038,34,44,44,46,2
train-mixed-08-m045-h2,train-mixed-08,train,mixed,10038,35,45,45,47,2
train-mixed-08-m046-h2,train-mixed-08,train,mixed,10038,36,46,46,48,2
train-mixed-08-m047-h2,train-mixed-08,train,mixed,10038,37,47,47,49,2
train-mixed-08-m048-h2,train-mixed-08,train,mixed,10038,38,48,48,50,2
train-mixed-08-m049-h2,train-mixed-08,train,mixed,10038,39,49,49,51,2
train-mixed-08-m050-h2,train-mixed-08,train,mixed,10038,40,50,50,52,2
train-mixed-08-m051-h2,train-mixed-08,train,mixed,10038,41,51,51,53,2
train-mixed-08-m052-h2,train-mixed-08,train,mixed,10038,42,52,52,54,2
train-mixed-08-m053-h2,train-mixed-08,train,mixed,10038,43,53,53,55,2
train-mixed-08-m054-h2,train-mixed-08,train,mixed,10038,44,54,54,56,2
train-mixed-08-m055-h2,train-mixed-08,train,mixed,10038,45,55,55,57,2
train-mixed-08-m056-h2,train-mixed-08,train,mixed,10038,46,56,56,58,2
train-mixed-08-m057-h2,train-mixed-08,train,mixed,10038,47,57,57,59,2
train-mixed-08-m058-h2,train-mixed-08,train,mixed,10038,48,58,58,60,2
train-mixed-08-m059-h2,train-mixed-08,train,mixed,10038,49,59,59,61,2
train-mixed-08-m060-h2,train-mixed-08,train,mixed,10038,50,60,60,62,2
train-mixed-08-m061-h2,train-mixed-08,train,mixed,10038,51,61,61,63,2
train-mixed-08-m062-h2,train-mixed-08,train,mixed,10038,52,62,62,64,2
train-mixed-08-m063-h2,train-mixed-08,train,mixed,10038,53,63,63,65,2
train-mixed-08-m064-h2,train-mixed-08,train,mixed,10038,54,64,64,66,2
train-mixed-08-m065-h2,train-mixed-08,train,mixed,10038,55,65,65,67,2
train-mixed-08-m066-h2,train-mixed-08,train,mixed,10038,56,66,66,68,2
train-mixed-08-m067-h2,train-mixed-08,train,mixed,10038,57,67,67,69,2
train-mixed-08-m068-h2,train-mixed-08,train,mixed,10038,58,68,68,70,2
train-mixed-08-m069-h2,train-mixed-08,train,mixed,10038,59,69,69,71,2
train-mixed-08-m070-h2,train-mixed-08,train,mixed,10038,60,70,70,72,2
train-mixed-08-m071-h2,train-mixed-08,train,mixed,10038,61,71,71,73,2
train-mixed-08-m072-h2,train-mixed-08,train,mixed,10038,62,72,72,74,2
train-mixed-08-m073-h2,train-mixed-08,train,mixed,10038,63,73,73,75,2
train-mixed-09-m010-h2,train-mixed-09,train,mixed,10039,0,10,10,12,2
train-mixed-09-m011-h2,train-mixed-09,train,mixed,10039,1,11,11,13,2
train-mixed-09-m012-h2,train-mixed-09,train,mixed,10039,2,12,12,14,2
train-mixed-09-m013-h2,train-mixed-09,train,mixed,10039,3,13,13,15,2
train-mixed-09-m014-h2,train-mixed-09,train,mixed,10039,4,14,14,16,2
train-mixed-09-m015-h2,train-mixed-09,train,mixed,10039,5,15,15,17,2
train-mixed-09-m016-h2,train-mixed-09,train,mixed,10039,6,16,16,18,2
train-mixed-09-m017-h2,train-mixed-09,train,mixed,10039,7,17,17,19,2
train-mixed-09-m018-h2,train-mixed-09,train,mixed,10039,8,18,18,20,2
train-mixed-09-m019-h2,train-mixed-09,train,mixed,10039,9,19,19,21,2
train-mixed-09-m020-h2,train-mixed-09,train,mixed,10039,10,20,20,22,2
train-mixed-09-m021-h2,train-mixed-09,train,mixed,10039,11,21,21,23,2
train-mixed-09-m022-h2,train-mixed-09,train,mixed,10039,12,22,22,24,2
train-mixed-09-m023-h2,train-mixed-09,train,mixed,10039,13,23,23,25,2
train-mixed-09-m024-h2,train-mixed-09,train,mixed,10039,14,24,24,26,2
train-mixed-09-m025-h2,train-mixed-09,train,mixed,10039,15,25,25,27,2
train-mixed-09-m026-h2,train-mixed-09,train,mixed,10039,16,26,26,28,2
train-mixed-09-m027-h2,train-mixed-09,train,mixed,10039,17,27,27,29,2
train-mixed-09-m028-h2,train-mixed-09,train,mixed,10039,18,28,28,30,2
train-mixed-09-m029-h2,train-mixed-09,train,mixed,10039,19,29,29,31,2
train-mixed-09-m030-h2,train-mixed-09,train,mixed,10039,20,30,30,32,2
train-mixed-09-m031-h2,train-mixed-09,train,mixed,10039,21,31,31,33,2
train-mixed-09-m032-h2,train-mixed-09,train,mixed,10039,22,32,32,34,2
train-mixed-09-m033-h2,train-mixed-09,train,mixed,10039,23,33,33,35,2
train-mixed-09-m034-h2,train-mixed-09,train,mixed,10039,24,34,34,36,2
train-mixed-09-m035-h2,train-mixed-09,train,mixed,10039,25,35,35,37,2
train-mixed-09-m036-h2,train-mixed-09,train,mixed,10039,26,36,36,38,2
train-mixed-09-m037-h2,train-mixed-09,train,mixed,10039,27,37,37,39,2
train-mixed-09-m038-h2,train-mixed-09,train,mixed,10039,28,38,38,40,2
train-mixed-09-m039-h2,train-mixed-09,train,mixed,10039,29,39,39,41,2
train-mixed-09-m040-h2,train-mixed-09,train,mixed,10039,30,40,40,42,2
train-mixed-09-m041-h2,train-mixed-09,train,mixed,10039,31,41,41,43,2
train-mixed-09-m042-h2,train-mixed-09,train,mixed,10039,32,42,42,44,2
train-mixed-09-m043-h2,train-mixed-09,train,mixed,10039,33,43,43,45,2
train-mixed-09-m044-h2,train-mixed-09,train,mixed,10039,34,44,44,46,2
train-mixed-09-m045-h2,train-mixed-09,train,mixed,10039,35,45,45,47,2
train-mixed-09-m046-h2,train-mixed-09,train,mixed,10039,36,46,46,48,2
train-mixed-09-m047-h2,train-mixed-09,train,mixed,10039,37,47,47,49,2
train-mixed-09-m048-h2,train-mixed-09,train,mixed,10039,38,48,48,50,2
train-mixed-09-m049-h2,train-mixed-09,train,mixed,10039,39,49,49,51,2
train-mixed-09-m050-h2,train-mixed-09,train,mixed,10039,40,50,50,52,2
train-mixed-09-m051-h2,train-mixed-09,train,mixed,10039,41,51,51,53,2
train-mixed-09-m052-h2,train-mixed-09,train,mixed,10039,42,52,52,54,2
train-mixed-09-m053-h2,train-mixed-09,train,mixed,10039,43,53,53,55,2
train-mixed-09-m054-h2,train-mixed-09,train,mixed,10039,44,54,54,56,2
train-mixed-09-m055-h2,train-mixed-09,train,mixed,10039,45,55,55,57,2
train-mixed-09-m056-h2,train-mixed-09,train,mixed,10039,46,56,56,58,2
train-mixed-09-m057-h2,train-mixed-09,train,mixed,10039,47,57,57,59,2
train-mixed-09-m058-h2,train-mixed-09,train,mixed,10039,48,58,58,60,2
train-mixed-09-m059-h2,train-mixed-09,train,mixed,10039,49,59,59,61,2
train-mixed-09-m060-h2,train-mixed-09,train,mixed,10039,50,60,60,62,2
train-mixed-09-m061-h2,train-mixed-09,train,mixed,10039,51,61,61,63,2
train-mixed-09-m062-h2,train-mixed-09,train,mixed,10039,52,62,62,64,2
train-mixed-09-m063-h2,train-mixed-09,train,mixed,10039,53,63,63,65,2
train-mixed-09-m064-h2,train-mixed-09,train,mixed,10039,54,64,64,66,2
train-mixed-09-m065-h2,train-mixed-09,train,mixed,10039,55,65,65,67,2
train-mixed-09-m066-h2,train-mixed-09,train,mixed,10039,56,66,66,68,2
train-mixed-09-m067-h2,train-mixed-09,train,mixed,10039,57,67,67,69,2
train-mixed-09-m068-h2,train-mixed-09,train,mixed,10039,58,68,68,70,2
train-mixed-09-m069-h2,train-mixed-09,train,mixed,10039,59,69,69,71,2
train-mixed-09-m070-h2,train-mixed-09,train,mixed,10039,60,70,70,72,2
train-mixed-09-m071-h2,train-mixed-09,train,mixed,10039,61,71,71,73,2
train-mixed-09-m072-h2,train-mixed-09,train,mixed,10039,62,72,72,74,2
train-mixed-09-m073-h2,train-mixed-09,train,mixed,10039,63,73,73,75,2
validation-morning-00-m010-h2,validation-morning-00,validation,morning,200000,0,10,10,12,2
validation-morning-00-m011-h2,validation-morning-00,validation,morning,200000,1,11,11,13,2
validation-morning-00-m012-h2,validation-morning-00,validation,morning,200000,2,12,12,14,2
validation-morning-00-m013-h2,validation-morning-00,validation,morning,200000,3,13,13,15,2
validation-morning-00-m014-h2,validation-morning-00,validation,morning,200000,4,14,14,16,2
validation-morning-00-m015-h2,validation-morning-00,validation,morning,200000,5,15,15,17,2
validation-morning-00-m016-h2,validation-morning-00,validation,morning,200000,6,16,16,18,2
validation-morning-00-m017-h2,validation-morning-00,validation,morning,200000,7,17,17,19,2
validation-morning-00-m018-h2,validation-morning-00,validation,morning,200000,8,18,18,20,2
validation-morning-00-m019-h2,validation-morning-00,validation,morning,200000,9,19,19,21,2
validation-morning-00-m020-h2,validation-morning-00,validation,morning,200000,10,20,20,22,2
validation-morning-00-m021-h2,validation-morning-00,validation,morning,200000,11,21,21,23,2
validation-morning-00-m022-h2,validation-morning-00,validation,morning,200000,12,22,22,24,2
validation-morning-00-m023-h2,validation-morning-00,validation,morning,200000,13,23,23,25,2
validation-morning-00-m024-h2,validation-morning-00,validation,morning,200000,14,24,24,26,2
validation-morning-00-m025-h2,validation-morning-00,validation,morning,200000,15,25,25,27,2
validation-morning-00-m026-h2,validation-morning-00,validation,morning,200000,16,26,26,28,2
validation-morning-00-m027-h2,validation-morning-00,validation,morning,200000,17,27,27,29,2
validation-morning-00-m028-h2,validation-morning-00,validation,morning,200000,18,28,28,30,2
validation-morning-00-m029-h2,validation-morning-00,validation,morning,200000,19,29,29,31,2
validation-morning-00-m030-h2,validation-morning-00,validation,morning,200000,20,30,30,32,2
validation-morning-00-m031-h2,validation-morning-00,validation,morning,200000,21,31,31,33,2
validation-morning-00-m032-h2,validation-morning-00,validation,morning,200000,22,32,32,34,2
validation-morning-00-m033-h2,validation-morning-00,validation,morning,200000,23,33,33,35,2
validation-morning-00-m034-h2,validation-morning-00,validation,morning,200000,24,34,34,36,2
validation-morning-00-m035-h2,validation-morning-00,validation,morning,200000,25,35,35,37,2
validation-morning-00-m036-h2,validation-morning-00,validation,morning,200000,26,36,36,38,2
validation-morning-00-m037-h2,validation-morning-00,validation,morning,200000,27,37,37,39,2
validation-morning-00-m038-h2,validation-morning-00,validation,morning,200000,28,38,38,40,2
validation-morning-00-m039-h2,validation-morning-00,validation,morning,200000,29,39,39,41,2
validation-morning-00-m040-h2,validation-morning-00,validation,morning,200000,30,40,40,42,2
validation-morning-00-m041-h2,validation-morning-00,validation,morning,200000,31,41,41,43,2
validation-morning-00-m042-h2,validation-morning-00,validation,morning,200000,32,42,42,44,2
validation-morning-00-m043-h2,validation-morning-00,validation,morning,200000,33,43,43,45,2
validation-morning-00-m044-h2,validation-morning-00,validation,morning,200000,34,44,44,46,2
validation-morning-00-m045-h2,validation-morning-00,validation,morning,200000,35,45,45,47,2
validation-morning-00-m046-h2,validation-morning-00,validation,morning,200000,36,46,46,48,2
validation-morning-00-m047-h2,validation-morning-00,validation,morning,200000,37,47,47,49,2
validation-morning-00-m048-h2,validation-morning-00,validation,morning,200000,38,48,48,50,2
validation-morning-00-m049-h2,validation-morning-00,validation,morning,200000,39,49,49,51,2
validation-morning-00-m050-h2,validation-morning-00,validation,morning,200000,40,50,50,52,2
validation-morning-00-m051-h2,validation-morning-00,validation,morning,200000,41,51,51,53,2
validation-morning-00-m052-h2,validation-morning-00,validation,morning,200000,42,52,52,54,2
validation-morning-00-m053-h2,validation-morning-00,validation,morning,200000,43,53,53,55,2
validation-morning-00-m054-h2,validation-morning-00,validation,morning,200000,44,54,54,56,2
validation-morning-00-m055-h2,validation-morning-00,validation,morning,200000,45,55,55,57,2
validation-morning-00-m056-h2,validation-morning-00,validation,morning,200000,46,56,56,58,2
validation-morning-00-m057-h2,validation-morning-00,validation,morning,200000,47,57,57,59,2
validation-morning-00-m058-h2,validation-morning-00,validation,morning,200000,48,58,58,60,2
validation-morning-00-m059-h2,validation-morning-00,validation,morning,200000,49,59,59,61,2
validation-morning-00-m060-h2,validation-morning-00,validation,morning,200000,50,60,60,62,2
validation-morning-00-m061-h2,validation-morning-00,validation,morning,200000,51,61,61,63,2
validation-morning-00-m062-h2,validation-morning-00,validation,morning,200000,52,62,62,64,2
validation-morning-00-m063-h2,validation-morning-00,validation,morning,200000,53,63,63,65,2
validation-morning-00-m064-h2,validation-morning-00,validation,morning,200000,54,64,64,66,2
validation-morning-00-m065-h2,validation-morning-00,validation,morning,200000,55,65,65,67,2
validation-morning-00-m066-h2,validation-morning-00,validation,morning,200000,56,66,66,68,2
validation-morning-00-m067-h2,validation-morning-00,validation,morning,200000,57,67,67,69,2
validation-morning-00-m068-h2,validation-morning-00,validation,morning,200000,58,68,68,70,2
validation-morning-00-m069-h2,validation-morning-00,validation,morning,200000,59,69,69,71,2
validation-morning-00-m070-h2,validation-morning-00,validation,morning,200000,60,70,70,72,2
validation-morning-00-m071-h2,validation-morning-00,validation,morning,200000,61,71,71,73,2
validation-morning-00-m072-h2,validation-morning-00,validation,morning,200000,62,72,72,74,2
validation-morning-00-m073-h2,validation-morning-00,validation,morning,200000,63,73,73,75,2
validation-morning-01-m010-h2,validation-morning-01,validation,morning,200001,0,10,10,12,2
validation-morning-01-m011-h2,validation-morning-01,validation,morning,200001,1,11,11,13,2
validation-morning-01-m012-h2,validation-morning-01,validation,morning,200001,2,12,12,14,2
validation-morning-01-m013-h2,validation-morning-01,validation,morning,200001,3,13,13,15,2
validation-morning-01-m014-h2,validation-morning-01,validation,morning,200001,4,14,14,16,2
validation-morning-01-m015-h2,validation-morning-01,validation,morning,200001,5,15,15,17,2
validation-morning-01-m016-h2,validation-morning-01,validation,morning,200001,6,16,16,18,2
validation-morning-01-m017-h2,validation-morning-01,validation,morning,200001,7,17,17,19,2
validation-morning-01-m018-h2,validation-morning-01,validation,morning,200001,8,18,18,20,2
validation-morning-01-m019-h2,validation-morning-01,validation,morning,200001,9,19,19,21,2
validation-morning-01-m020-h2,validation-morning-01,validation,morning,200001,10,20,20,22,2
validation-morning-01-m021-h2,validation-morning-01,validation,morning,200001,11,21,21,23,2
validation-morning-01-m022-h2,validation-morning-01,validation,morning,200001,12,22,22,24,2
validation-morning-01-m023-h2,validation-morning-01,validation,morning,200001,13,23,23,25,2
validation-morning-01-m024-h2,validation-morning-01,validation,morning,200001,14,24,24,26,2
validation-morning-01-m025-h2,validation-morning-01,validation,morning,200001,15,25,25,27,2
validation-morning-01-m026-h2,validation-morning-01,validation,morning,200001,16,26,26,28,2
validation-morning-01-m027-h2,validation-morning-01,validation,morning,200001,17,27,27,29,2
validation-morning-01-m028-h2,validation-morning-01,validation,morning,200001,18,28,28,30,2
validation-morning-01-m029-h2,validation-morning-01,validation,morning,200001,19,29,29,31,2
validation-morning-01-m030-h2,validation-morning-01,validation,morning,200001,20,30,30,32,2
validation-morning-01-m031-h2,validation-morning-01,validation,morning,200001,21,31,31,33,2
validation-morning-01-m032-h2,validation-morning-01,validation,morning,200001,22,32,32,34,2
validation-morning-01-m033-h2,validation-morning-01,validation,morning,200001,23,33,33,35,2
validation-morning-01-m034-h2,validation-morning-01,validation,morning,200001,24,34,34,36,2
validation-morning-01-m035-h2,validation-morning-01,validation,morning,200001,25,35,35,37,2
validation-morning-01-m036-h2,validation-morning-01,validation,morning,200001,26,36,36,38,2
validation-morning-01-m037-h2,validation-morning-01,validation,morning,200001,27,37,37,39,2
validation-morning-01-m038-h2,validation-morning-01,validation,morning,200001,28,38,38,40,2
validation-morning-01-m039-h2,validation-morning-01,validation,morning,200001,29,39,39,41,2
validation-morning-01-m040-h2,validation-morning-01,validation,morning,200001,30,40,40,42,2
validation-morning-01-m041-h2,validation-morning-01,validation,morning,200001,31,41,41,43,2
validation-morning-01-m042-h2,validation-morning-01,validation,morning,200001,32,42,42,44,2
validation-morning-01-m043-h2,validation-morning-01,validation,morning,200001,33,43,43,45,2
validation-morning-01-m044-h2,validation-morning-01,validation,morning,200001,34,44,44,46,2
validation-morning-01-m045-h2,validation-morning-01,validation,morning,200001,35,45,45,47,2
validation-morning-01-m046-h2,validation-morning-01,validation,morning,200001,36,46,46,48,2
validation-morning-01-m047-h2,validation-morning-01,validation,morning,200001,37,47,47,49,2
validation-morning-01-m048-h2,validation-morning-01,validation,morning,200001,38,48,48,50,2
validation-morning-01-m049-h2,validation-morning-01,validation,morning,200001,39,49,49,51,2
validation-morning-01-m050-h2,validation-morning-01,validation,morning,200001,40,50,50,52,2
validation-morning-01-m051-h2,validation-morning-01,validation,morning,200001,41,51,51,53,2
validation-morning-01-m052-h2,validation-morning-01,validation,morning,200001,42,52,52,54,2
validation-morning-01-m053-h2,validation-morning-01,validation,morning,200001,43,53,53,55,2
validation-morning-01-m054-h2,validation-morning-01,validation,morning,200001,44,54,54,56,2
validation-morning-01-m055-h2,validation-morning-01,validation,morning,200001,45,55,55,57,2
validation-morning-01-m056-h2,validation-morning-01,validation,morning,200001,46,56,56,58,2
validation-morning-01-m057-h2,validation-morning-01,validation,morning,200001,47,57,57,59,2
validation-morning-01-m058-h2,validation-morning-01,validation,morning,200001,48,58,58,60,2
validation-morning-01-m059-h2,validation-morning-01,validation,morning,200001,49,59,59,61,2
validation-morning-01-m060-h2,validation-morning-01,validation,morning,200001,50,60,60,62,2
validation-morning-01-m061-h2,validation-morning-01,validation,morning,200001,51,61,61,63,2
validation-morning-01-m062-h2,validation-morning-01,validation,morning,200001,52,62,62,64,2
validation-morning-01-m063-h2,validation-morning-01,validation,morning,200001,53,63,63,65,2
validation-morning-01-m064-h2,validation-morning-01,validation,morning,200001,54,64,64,66,2
validation-morning-01-m065-h2,validation-morning-01,validation,morning,200001,55,65,65,67,2
validation-morning-01-m066-h2,validation-morning-01,validation,morning,200001,56,66,66,68,2
validation-morning-01-m067-h2,validation-morning-01,validation,morning,200001,57,67,67,69,2
validation-morning-01-m068-h2,validation-morning-01,validation,morning,200001,58,68,68,70,2
validation-morning-01-m069-h2,validation-morning-01,validation,morning,200001,59,69,69,71,2
validation-morning-01-m070-h2,validation-morning-01,validation,morning,200001,60,70,70,72,2
validation-morning-01-m071-h2,validation-morning-01,validation,morning,200001,61,71,71,73,2
validation-morning-01-m072-h2,validation-morning-01,validation,morning,200001,62,72,72,74,2
validation-morning-01-m073-h2,validation-morning-01,validation,morning,200001,63,73,73,75,2
validation-morning-02-m010-h2,validation-morning-02,validation,morning,200002,0,10,10,12,2
validation-morning-02-m011-h2,validation-morning-02,validation,morning,200002,1,11,11,13,2
validation-morning-02-m012-h2,validation-morning-02,validation,morning,200002,2,12,12,14,2
validation-morning-02-m013-h2,validation-morning-02,validation,morning,200002,3,13,13,15,2
validation-morning-02-m014-h2,validation-morning-02,validation,morning,200002,4,14,14,16,2
validation-morning-02-m015-h2,validation-morning-02,validation,morning,200002,5,15,15,17,2
validation-morning-02-m016-h2,validation-morning-02,validation,morning,200002,6,16,16,18,2
validation-morning-02-m017-h2,validation-morning-02,validation,morning,200002,7,17,17,19,2
validation-morning-02-m018-h2,validation-morning-02,validation,morning,200002,8,18,18,20,2
validation-morning-02-m019-h2,validation-morning-02,validation,morning,200002,9,19,19,21,2
validation-morning-02-m020-h2,validation-morning-02,validation,morning,200002,10,20,20,22,2
validation-morning-02-m021-h2,validation-morning-02,validation,morning,200002,11,21,21,23,2
validation-morning-02-m022-h2,validation-morning-02,validation,morning,200002,12,22,22,24,2
validation-morning-02-m023-h2,validation-morning-02,validation,morning,200002,13,23,23,25,2
validation-morning-02-m024-h2,validation-morning-02,validation,morning,200002,14,24,24,26,2
validation-morning-02-m025-h2,validation-morning-02,validation,morning,200002,15,25,25,27,2
validation-morning-02-m026-h2,validation-morning-02,validation,morning,200002,16,26,26,28,2
validation-morning-02-m027-h2,validation-morning-02,validation,morning,200002,17,27,27,29,2
validation-morning-02-m028-h2,validation-morning-02,validation,morning,200002,18,28,28,30,2
validation-morning-02-m029-h2,validation-morning-02,validation,morning,200002,19,29,29,31,2
validation-morning-02-m030-h2,validation-morning-02,validation,morning,200002,20,30,30,32,2
validation-morning-02-m031-h2,validation-morning-02,validation,morning,200002,21,31,31,33,2
validation-morning-02-m032-h2,validation-morning-02,validation,morning,200002,22,32,32,34,2
validation-morning-02-m033-h2,validation-morning-02,validation,morning,200002,23,33,33,35,2
validation-morning-02-m034-h2,validation-morning-02,validation,morning,200002,24,34,34,36,2
validation-morning-02-m035-h2,validation-morning-02,validation,morning,200002,25,35,35,37,2
validation-morning-02-m036-h2,validation-morning-02,validation,morning,200002,26,36,36,38,2
validation-morning-02-m037-h2,validation-morning-02,validation,morning,200002,27,37,37,39,2
validation-morning-02-m038-h2,validation-morning-02,validation,morning,200002,28,38,38,40,2
validation-morning-02-m039-h2,validation-morning-02,validation,morning,200002,29,39,39,41,2
validation-morning-02-m040-h2,validation-morning-02,validation,morning,200002,30,40,40,42,2
validation-morning-02-m041-h2,validation-morning-02,validation,morning,200002,31,41,41,43,2
validation-morning-02-m042-h2,validation-morning-02,validation,morning,200002,32,42,42,44,2
validation-morning-02-m043-h2,validation-morning-02,validation,morning,200002,33,43,43,45,2
validation-morning-02-m044-h2,validation-morning-02,validation,morning,200002,34,44,44,46,2
validation-morning-02-m045-h2,validation-morning-02,validation,morning,200002,35,45,45,47,2
validation-morning-02-m046-h2,validation-morning-02,validation,morning,200002,36,46,46,48,2
validation-morning-02-m047-h2,validation-morning-02,validation,morning,200002,37,47,47,49,2
validation-morning-02-m048-h2,validation-morning-02,validation,morning,200002,38,48,48,50,2
validation-morning-02-m049-h2,validation-morning-02,validation,morning,200002,39,49,49,51,2
validation-morning-02-m050-h2,validation-morning-02,validation,morning,200002,40,50,50,52,2
validation-morning-02-m051-h2,validation-morning-02,validation,morning,200002,41,51,51,53,2
validation-morning-02-m052-h2,validation-morning-02,validation,morning,200002,42,52,52,54,2
validation-morning-02-m053-h2,validation-morning-02,validation,morning,200002,43,53,53,55,2
validation-morning-02-m054-h2,validation-morning-02,validation,morning,200002,44,54,54,56,2
validation-morning-02-m055-h2,validation-morning-02,validation,morning,200002,45,55,55,57,2
validation-morning-02-m056-h2,validation-morning-02,validation,morning,200002,46,56,56,58,2
validation-morning-02-m057-h2,validation-morning-02,validation,morning,200002,47,57,57,59,2
validation-morning-02-m058-h2,validation-morning-02,validation,morning,200002,48,58,58,60,2
validation-morning-02-m059-h2,validation-morning-02,validation,morning,200002,49,59,59,61,2
validation-morning-02-m060-h2,validation-morning-02,validation,morning,200002,50,60,60,62,2
validation-morning-02-m061-h2,validation-morning-02,validation,morning,200002,51,61,61,63,2
validation-morning-02-m062-h2,validation-morning-02,validation,morning,200002,52,62,62,64,2
validation-morning-02-m063-h2,validation-morning-02,validation,morning,200002,53,63,63,65,2
validation-morning-02-m064-h2,validation-morning-02,validation,morning,200002,54,64,64,66,2
validation-morning-02-m065-h2,validation-morning-02,validation,morning,200002,55,65,65,67,2
validation-morning-02-m066-h2,validation-morning-02,validation,morning,200002,56,66,66,68,2
validation-morning-02-m067-h2,validation-morning-02,validation,morning,200002,57,67,67,69,2
validation-morning-02-m068-h2,validation-morning-02,validation,morning,200002,58,68,68,70,2
validation-morning-02-m069-h2,validation-morning-02,validation,morning,200002,59,69,69,71,2
validation-morning-02-m070-h2,validation-morning-02,validation,morning,200002,60,70,70,72,2
validation-morning-02-m071-h2,validation-morning-02,validation,morning,200002,61,71,71,73,2
validation-morning-02-m072-h2,validation-morning-02,validation,morning,200002,62,72,72,74,2
validation-morning-02-m073-h2,validation-morning-02,validation,morning,200002,63,73,73,75,2
validation-lunch-00-m010-h2,validation-lunch-00,validation,lunch,200003,0,10,10,12,2
validation-lunch-00-m011-h2,validation-lunch-00,validation,lunch,200003,1,11,11,13,2
validation-lunch-00-m012-h2,validation-lunch-00,validation,lunch,200003,2,12,12,14,2
validation-lunch-00-m013-h2,validation-lunch-00,validation,lunch,200003,3,13,13,15,2
validation-lunch-00-m014-h2,validation-lunch-00,validation,lunch,200003,4,14,14,16,2
validation-lunch-00-m015-h2,validation-lunch-00,validation,lunch,200003,5,15,15,17,2
validation-lunch-00-m016-h2,validation-lunch-00,validation,lunch,200003,6,16,16,18,2
validation-lunch-00-m017-h2,validation-lunch-00,validation,lunch,200003,7,17,17,19,2
validation-lunch-00-m018-h2,validation-lunch-00,validation,lunch,200003,8,18,18,20,2
validation-lunch-00-m019-h2,validation-lunch-00,validation,lunch,200003,9,19,19,21,2
validation-lunch-00-m020-h2,validation-lunch-00,validation,lunch,200003,10,20,20,22,2
validation-lunch-00-m021-h2,validation-lunch-00,validation,lunch,200003,11,21,21,23,2
validation-lunch-00-m022-h2,validation-lunch-00,validation,lunch,200003,12,22,22,24,2
validation-lunch-00-m023-h2,validation-lunch-00,validation,lunch,200003,13,23,23,25,2
validation-lunch-00-m024-h2,validation-lunch-00,validation,lunch,200003,14,24,24,26,2
validation-lunch-00-m025-h2,validation-lunch-00,validation,lunch,200003,15,25,25,27,2
validation-lunch-00-m026-h2,validation-lunch-00,validation,lunch,200003,16,26,26,28,2
validation-lunch-00-m027-h2,validation-lunch-00,validation,lunch,200003,17,27,27,29,2
validation-lunch-00-m028-h2,validation-lunch-00,validation,lunch,200003,18,28,28,30,2
validation-lunch-00-m029-h2,validation-lunch-00,validation,lunch,200003,19,29,29,31,2
validation-lunch-00-m030-h2,validation-lunch-00,validation,lunch,200003,20,30,30,32,2
validation-lunch-00-m031-h2,validation-lunch-00,validation,lunch,200003,21,31,31,33,2
validation-lunch-00-m032-h2,validation-lunch-00,validation,lunch,200003,22,32,32,34,2
validation-lunch-00-m033-h2,validation-lunch-00,validation,lunch,200003,23,33,33,35,2
validation-lunch-00-m034-h2,validation-lunch-00,validation,lunch,200003,24,34,34,36,2
validation-lunch-00-m035-h2,validation-lunch-00,validation,lunch,200003,25,35,35,37,2
validation-lunch-00-m036-h2,validation-lunch-00,validation,lunch,200003,26,36,36,38,2
validation-lunch-00-m037-h2,validation-lunch-00,validation,lunch,200003,27,37,37,39,2
validation-lunch-00-m038-h2,validation-lunch-00,validation,lunch,200003,28,38,38,40,2
validation-lunch-00-m039-h2,validation-lunch-00,validation,lunch,200003,29,39,39,41,2
validation-lunch-00-m040-h2,validation-lunch-00,validation,lunch,200003,30,40,40,42,2
validation-lunch-00-m041-h2,validation-lunch-00,validation,lunch,200003,31,41,41,43,2
validation-lunch-00-m042-h2,validation-lunch-00,validation,lunch,200003,32,42,42,44,2
validation-lunch-00-m043-h2,validation-lunch-00,validation,lunch,200003,33,43,43,45,2
validation-lunch-00-m044-h2,validation-lunch-00,validation,lunch,200003,34,44,44,46,2
validation-lunch-00-m045-h2,validation-lunch-00,validation,lunch,200003,35,45,45,47,2
validation-lunch-00-m046-h2,validation-lunch-00,validation,lunch,200003,36,46,46,48,2
validation-lunch-00-m047-h2,validation-lunch-00,validation,lunch,200003,37,47,47,49,2
validation-lunch-00-m048-h2,validation-lunch-00,validation,lunch,200003,38,48,48,50,2
validation-lunch-00-m049-h2,validation-lunch-00,validation,lunch,200003,39,49,49,51,2
validation-lunch-00-m050-h2,validation-lunch-00,validation,lunch,200003,40,50,50,52,2
validation-lunch-00-m051-h2,validation-lunch-00,validation,lunch,200003,41,51,51,53,2
validation-lunch-00-m052-h2,validation-lunch-00,validation,lunch,200003,42,52,52,54,2
validation-lunch-00-m053-h2,validation-lunch-00,validation,lunch,200003,43,53,53,55,2
validation-lunch-00-m054-h2,validation-lunch-00,validation,lunch,200003,44,54,54,56,2
validation-lunch-00-m055-h2,validation-lunch-00,validation,lunch,200003,45,55,55,57,2
validation-lunch-00-m056-h2,validation-lunch-00,validation,lunch,200003,46,56,56,58,2
validation-lunch-00-m057-h2,validation-lunch-00,validation,lunch,200003,47,57,57,59,2
validation-lunch-00-m058-h2,validation-lunch-00,validation,lunch,200003,48,58,58,60,2
validation-lunch-00-m059-h2,validation-lunch-00,validation,lunch,200003,49,59,59,61,2
validation-lunch-00-m060-h2,validation-lunch-00,validation,lunch,200003,50,60,60,62,2
validation-lunch-00-m061-h2,validation-lunch-00,validation,lunch,200003,51,61,61,63,2
validation-lunch-00-m062-h2,validation-lunch-00,validation,lunch,200003,52,62,62,64,2
validation-lunch-00-m063-h2,validation-lunch-00,validation,lunch,200003,53,63,63,65,2
validation-lunch-00-m064-h2,validation-lunch-00,validation,lunch,200003,54,64,64,66,2
validation-lunch-00-m065-h2,validation-lunch-00,validation,lunch,200003,55,65,65,67,2
validation-lunch-00-m066-h2,validation-lunch-00,validation,lunch,200003,56,66,66,68,2
validation-lunch-00-m067-h2,validation-lunch-00,validation,lunch,200003,57,67,67,69,2
validation-lunch-00-m068-h2,validation-lunch-00,validation,lunch,200003,58,68,68,70,2
validation-lunch-00-m069-h2,validation-lunch-00,validation,lunch,200003,59,69,69,71,2
validation-lunch-00-m070-h2,validation-lunch-00,validation,lunch,200003,60,70,70,72,2
validation-lunch-00-m071-h2,validation-lunch-00,validation,lunch,200003,61,71,71,73,2
validation-lunch-00-m072-h2,validation-lunch-00,validation,lunch,200003,62,72,72,74,2
validation-lunch-00-m073-h2,validation-lunch-00,validation,lunch,200003,63,73,73,75,2
validation-lunch-01-m010-h2,validation-lunch-01,validation,lunch,200004,0,10,10,12,2
validation-lunch-01-m011-h2,validation-lunch-01,validation,lunch,200004,1,11,11,13,2
validation-lunch-01-m012-h2,validation-lunch-01,validation,lunch,200004,2,12,12,14,2
validation-lunch-01-m013-h2,validation-lunch-01,validation,lunch,200004,3,13,13,15,2
validation-lunch-01-m014-h2,validation-lunch-01,validation,lunch,200004,4,14,14,16,2
validation-lunch-01-m015-h2,validation-lunch-01,validation,lunch,200004,5,15,15,17,2
validation-lunch-01-m016-h2,validation-lunch-01,validation,lunch,200004,6,16,16,18,2
validation-lunch-01-m017-h2,validation-lunch-01,validation,lunch,200004,7,17,17,19,2
validation-lunch-01-m018-h2,validation-lunch-01,validation,lunch,200004,8,18,18,20,2
validation-lunch-01-m019-h2,validation-lunch-01,validation,lunch,200004,9,19,19,21,2
validation-lunch-01-m020-h2,validation-lunch-01,validation,lunch,200004,10,20,20,22,2
validation-lunch-01-m021-h2,validation-lunch-01,validation,lunch,200004,11,21,21,23,2
validation-lunch-01-m022-h2,validation-lunch-01,validation,lunch,200004,12,22,22,24,2
validation-lunch-01-m023-h2,validation-lunch-01,validation,lunch,200004,13,23,23,25,2
validation-lunch-01-m024-h2,validation-lunch-01,validation,lunch,200004,14,24,24,26,2
validation-lunch-01-m025-h2,validation-lunch-01,validation,lunch,200004,15,25,25,27,2
validation-lunch-01-m026-h2,validation-lunch-01,validation,lunch,200004,16,26,26,28,2
validation-lunch-01-m027-h2,validation-lunch-01,validation,lunch,200004,17,27,27,29,2
validation-lunch-01-m028-h2,validation-lunch-01,validation,lunch,200004,18,28,28,30,2
validation-lunch-01-m029-h2,validation-lunch-01,validation,lunch,200004,19,29,29,31,2
validation-lunch-01-m030-h2,validation-lunch-01,validation,lunch,200004,20,30,30,32,2
validation-lunch-01-m031-h2,validation-lunch-01,validation,lunch,200004,21,31,31,33,2
validation-lunch-01-m032-h2,validation-lunch-01,validation,lunch,200004,22,32,32,34,2
validation-lunch-01-m033-h2,validation-lunch-01,validation,lunch,200004,23,33,33,35,2
validation-lunch-01-m034-h2,validation-lunch-01,validation,lunch,200004,24,34,34,36,2
validation-lunch-01-m035-h2,validation-lunch-01,validation,lunch,200004,25,35,35,37,2
validation-lunch-01-m036-h2,validation-lunch-01,validation,lunch,200004,26,36,36,38,2
validation-lunch-01-m037-h2,validation-lunch-01,validation,lunch,200004,27,37,37,39,2
validation-lunch-01-m038-h2,validation-lunch-01,validation,lunch,200004,28,38,38,40,2
validation-lunch-01-m039-h2,validation-lunch-01,validation,lunch,200004,29,39,39,41,2
validation-lunch-01-m040-h2,validation-lunch-01,validation,lunch,200004,30,40,40,42,2
validation-lunch-01-m041-h2,validation-lunch-01,validation,lunch,200004,31,41,41,43,2
validation-lunch-01-m042-h2,validation-lunch-01,validation,lunch,200004,32,42,42,44,2
validation-lunch-01-m043-h2,validation-lunch-01,validation,lunch,200004,33,43,43,45,2
validation-lunch-01-m044-h2,validation-lunch-01,validation,lunch,200004,34,44,44,46,2
validation-lunch-01-m045-h2,validation-lunch-01,validation,lunch,200004,35,45,45,47,2
validation-lunch-01-m046-h2,validation-lunch-01,validation,lunch,200004,36,46,46,48,2
validation-lunch-01-m047-h2,validation-lunch-01,validation,lunch,200004,37,47,47,49,2
validation-lunch-01-m048-h2,validation-lunch-01,validation,lunch,200004,38,48,48,50,2
validation-lunch-01-m049-h2,validation-lunch-01,validation,lunch,200004,39,49,49,51,2
validation-lunch-01-m050-h2,validation-lunch-01,validation,lunch,200004,40,50,50,52,2
validation-lunch-01-m051-h2,validation-lunch-01,validation,lunch,200004,41,51,51,53,2
validation-lunch-01-m052-h2,validation-lunch-01,validation,lunch,200004,42,52,52,54,2
validation-lunch-01-m053-h2,validation-lunch-01,validation,lunch,200004,43,53,53,55,2
validation-lunch-01-m054-h2,validation-lunch-01,validation,lunch,200004,44,54,54,56,2
validation-lunch-01-m055-h2,validation-lunch-01,validation,lunch,200004,45,55,55,57,2
validation-lunch-01-m056-h2,validation-lunch-01,validation,lunch,200004,46,56,56,58,2
validation-lunch-01-m057-h2,validation-lunch-01,validation,lunch,200004,47,57,57,59,2
validation-lunch-01-m058-h2,validation-lunch-01,validation,lunch,200004,48,58,58,60,2
validation-lunch-01-m059-h2,validation-lunch-01,validation,lunch,200004,49,59,59,61,2
validation-lunch-01-m060-h2,validation-lunch-01,validation,lunch,200004,50,60,60,62,2
validation-lunch-01-m061-h2,validation-lunch-01,validation,lunch,200004,51,61,61,63,2
validation-lunch-01-m062-h2,validation-lunch-01,validation,lunch,200004,52,62,62,64,2
validation-lunch-01-m063-h2,validation-lunch-01,validation,lunch,200004,53,63,63,65,2
validation-lunch-01-m064-h2,validation-lunch-01,validation,lunch,200004,54,64,64,66,2
validation-lunch-01-m065-h2,validation-lunch-01,validation,lunch,200004,55,65,65,67,2
validation-lunch-01-m066-h2,validation-lunch-01,validation,lunch,200004,56,66,66,68,2
validation-lunch-01-m067-h2,validation-lunch-01,validation,lunch,200004,57,67,67,69,2
validation-lunch-01-m068-h2,validation-lunch-01,validation,lunch,200004,58,68,68,70,2
validation-lunch-01-m069-h2,validation-lunch-01,validation,lunch,200004,59,69,69,71,2
validation-lunch-01-m070-h2,validation-lunch-01,validation,lunch,200004,60,70,70,72,2
validation-lunch-01-m071-h2,validation-lunch-01,validation,lunch,200004,61,71,71,73,2
validation-lunch-01-m072-h2,validation-lunch-01,validation,lunch,200004,62,72,72,74,2
validation-lunch-01-m073-h2,validation-lunch-01,validation,lunch,200004,63,73,73,75,2
validation-lunch-02-m010-h2,validation-lunch-02,validation,lunch,200005,0,10,10,12,2
validation-lunch-02-m011-h2,validation-lunch-02,validation,lunch,200005,1,11,11,13,2
validation-lunch-02-m012-h2,validation-lunch-02,validation,lunch,200005,2,12,12,14,2
validation-lunch-02-m013-h2,validation-lunch-02,validation,lunch,200005,3,13,13,15,2
validation-lunch-02-m014-h2,validation-lunch-02,validation,lunch,200005,4,14,14,16,2
validation-lunch-02-m015-h2,validation-lunch-02,validation,lunch,200005,5,15,15,17,2
validation-lunch-02-m016-h2,validation-lunch-02,validation,lunch,200005,6,16,16,18,2
validation-lunch-02-m017-h2,validation-lunch-02,validation,lunch,200005,7,17,17,19,2
validation-lunch-02-m018-h2,validation-lunch-02,validation,lunch,200005,8,18,18,20,2
validation-lunch-02-m019-h2,validation-lunch-02,validation,lunch,200005,9,19,19,21,2
validation-lunch-02-m020-h2,validation-lunch-02,validation,lunch,200005,10,20,20,22,2
validation-lunch-02-m021-h2,validation-lunch-02,validation,lunch,200005,11,21,21,23,2
validation-lunch-02-m022-h2,validation-lunch-02,validation,lunch,200005,12,22,22,24,2
validation-lunch-02-m023-h2,validation-lunch-02,validation,lunch,200005,13,23,23,25,2
validation-lunch-02-m024-h2,validation-lunch-02,validation,lunch,200005,14,24,24,26,2
validation-lunch-02-m025-h2,validation-lunch-02,validation,lunch,200005,15,25,25,27,2
validation-lunch-02-m026-h2,validation-lunch-02,validation,lunch,200005,16,26,26,28,2
validation-lunch-02-m027-h2,validation-lunch-02,validation,lunch,200005,17,27,27,29,2
validation-lunch-02-m028-h2,validation-lunch-02,validation,lunch,200005,18,28,28,30,2
validation-lunch-02-m029-h2,validation-lunch-02,validation,lunch,200005,19,29,29,31,2
validation-lunch-02-m030-h2,validation-lunch-02,validation,lunch,200005,20,30,30,32,2
validation-lunch-02-m031-h2,validation-lunch-02,validation,lunch,200005,21,31,31,33,2
validation-lunch-02-m032-h2,validation-lunch-02,validation,lunch,200005,22,32,32,34,2
validation-lunch-02-m033-h2,validation-lunch-02,validation,lunch,200005,23,33,33,35,2
validation-lunch-02-m034-h2,validation-lunch-02,validation,lunch,200005,24,34,34,36,2
validation-lunch-02-m035-h2,validation-lunch-02,validation,lunch,200005,25,35,35,37,2
validation-lunch-02-m036-h2,validation-lunch-02,validation,lunch,200005,26,36,36,38,2
validation-lunch-02-m037-h2,validation-lunch-02,validation,lunch,200005,27,37,37,39,2
validation-lunch-02-m038-h2,validation-lunch-02,validation,lunch,200005,28,38,38,40,2
validation-lunch-02-m039-h2,validation-lunch-02,validation,lunch,200005,29,39,39,41,2
validation-lunch-02-m040-h2,validation-lunch-02,validation,lunch,200005,30,40,40,42,2
validation-lunch-02-m041-h2,validation-lunch-02,validation,lunch,200005,31,41,41,43,2
validation-lunch-02-m042-h2,validation-lunch-02,validation,lunch,200005,32,42,42,44,2
validation-lunch-02-m043-h2,validation-lunch-02,validation,lunch,200005,33,43,43,45,2
validation-lunch-02-m044-h2,validation-lunch-02,validation,lunch,200005,34,44,44,46,2
validation-lunch-02-m045-h2,validation-lunch-02,validation,lunch,200005,35,45,45,47,2
validation-lunch-02-m046-h2,validation-lunch-02,validation,lunch,200005,36,46,46,48,2
validation-lunch-02-m047-h2,validation-lunch-02,validation,lunch,200005,37,47,47,49,2
validation-lunch-02-m048-h2,validation-lunch-02,validation,lunch,200005,38,48,48,50,2
validation-lunch-02-m049-h2,validation-lunch-02,validation,lunch,200005,39,49,49,51,2
validation-lunch-02-m050-h2,validation-lunch-02,validation,lunch,200005,40,50,50,52,2
validation-lunch-02-m051-h2,validation-lunch-02,validation,lunch,200005,41,51,51,53,2
validation-lunch-02-m052-h2,validation-lunch-02,validation,lunch,200005,42,52,52,54,2
validation-lunch-02-m053-h2,validation-lunch-02,validation,lunch,200005,43,53,53,55,2
validation-lunch-02-m054-h2,validation-lunch-02,validation,lunch,200005,44,54,54,56,2
validation-lunch-02-m055-h2,validation-lunch-02,validation,lunch,200005,45,55,55,57,2
validation-lunch-02-m056-h2,validation-lunch-02,validation,lunch,200005,46,56,56,58,2
validation-lunch-02-m057-h2,validation-lunch-02,validation,lunch,200005,47,57,57,59,2
validation-lunch-02-m058-h2,validation-lunch-02,validation,lunch,200005,48,58,58,60,2
validation-lunch-02-m059-h2,validation-lunch-02,validation,lunch,200005,49,59,59,61,2
validation-lunch-02-m060-h2,validation-lunch-02,validation,lunch,200005,50,60,60,62,2
validation-lunch-02-m061-h2,validation-lunch-02,validation,lunch,200005,51,61,61,63,2
validation-lunch-02-m062-h2,validation-lunch-02,validation,lunch,200005,52,62,62,64,2
validation-lunch-02-m063-h2,validation-lunch-02,validation,lunch,200005,53,63,63,65,2
validation-lunch-02-m064-h2,validation-lunch-02,validation,lunch,200005,54,64,64,66,2
validation-lunch-02-m065-h2,validation-lunch-02,validation,lunch,200005,55,65,65,67,2
validation-lunch-02-m066-h2,validation-lunch-02,validation,lunch,200005,56,66,66,68,2
validation-lunch-02-m067-h2,validation-lunch-02,validation,lunch,200005,57,67,67,69,2
validation-lunch-02-m068-h2,validation-lunch-02,validation,lunch,200005,58,68,68,70,2
validation-lunch-02-m069-h2,validation-lunch-02,validation,lunch,200005,59,69,69,71,2
validation-lunch-02-m070-h2,validation-lunch-02,validation,lunch,200005,60,70,70,72,2
validation-lunch-02-m071-h2,validation-lunch-02,validation,lunch,200005,61,71,71,73,2
validation-lunch-02-m072-h2,validation-lunch-02,validation,lunch,200005,62,72,72,74,2
validation-lunch-02-m073-h2,validation-lunch-02,validation,lunch,200005,63,73,73,75,2
validation-evening-00-m010-h2,validation-evening-00,validation,evening,200006,0,10,10,12,2
validation-evening-00-m011-h2,validation-evening-00,validation,evening,200006,1,11,11,13,2
validation-evening-00-m012-h2,validation-evening-00,validation,evening,200006,2,12,12,14,2
validation-evening-00-m013-h2,validation-evening-00,validation,evening,200006,3,13,13,15,2
validation-evening-00-m014-h2,validation-evening-00,validation,evening,200006,4,14,14,16,2
validation-evening-00-m015-h2,validation-evening-00,validation,evening,200006,5,15,15,17,2
validation-evening-00-m016-h2,validation-evening-00,validation,evening,200006,6,16,16,18,2
validation-evening-00-m017-h2,validation-evening-00,validation,evening,200006,7,17,17,19,2
validation-evening-00-m018-h2,validation-evening-00,validation,evening,200006,8,18,18,20,2
validation-evening-00-m019-h2,validation-evening-00,validation,evening,200006,9,19,19,21,2
validation-evening-00-m020-h2,validation-evening-00,validation,evening,200006,10,20,20,22,2
validation-evening-00-m021-h2,validation-evening-00,validation,evening,200006,11,21,21,23,2
validation-evening-00-m022-h2,validation-evening-00,validation,evening,200006,12,22,22,24,2
validation-evening-00-m023-h2,validation-evening-00,validation,evening,200006,13,23,23,25,2
validation-evening-00-m024-h2,validation-evening-00,validation,evening,200006,14,24,24,26,2
validation-evening-00-m025-h2,validation-evening-00,validation,evening,200006,15,25,25,27,2
validation-evening-00-m026-h2,validation-evening-00,validation,evening,200006,16,26,26,28,2
validation-evening-00-m027-h2,validation-evening-00,validation,evening,200006,17,27,27,29,2
validation-evening-00-m028-h2,validation-evening-00,validation,evening,200006,18,28,28,30,2
validation-evening-00-m029-h2,validation-evening-00,validation,evening,200006,19,29,29,31,2
validation-evening-00-m030-h2,validation-evening-00,validation,evening,200006,20,30,30,32,2
validation-evening-00-m031-h2,validation-evening-00,validation,evening,200006,21,31,31,33,2
validation-evening-00-m032-h2,validation-evening-00,validation,evening,200006,22,32,32,34,2
validation-evening-00-m033-h2,validation-evening-00,validation,evening,200006,23,33,33,35,2
validation-evening-00-m034-h2,validation-evening-00,validation,evening,200006,24,34,34,36,2
validation-evening-00-m035-h2,validation-evening-00,validation,evening,200006,25,35,35,37,2
validation-evening-00-m036-h2,validation-evening-00,validation,evening,200006,26,36,36,38,2
validation-evening-00-m037-h2,validation-evening-00,validation,evening,200006,27,37,37,39,2
validation-evening-00-m038-h2,validation-evening-00,validation,evening,200006,28,38,38,40,2
validation-evening-00-m039-h2,validation-evening-00,validation,evening,200006,29,39,39,41,2
validation-evening-00-m040-h2,validation-evening-00,validation,evening,200006,30,40,40,42,2
validation-evening-00-m041-h2,validation-evening-00,validation,evening,200006,31,41,41,43,2
validation-evening-00-m042-h2,validation-evening-00,validation,evening,200006,32,42,42,44,2
validation-evening-00-m043-h2,validation-evening-00,validation,evening,200006,33,43,43,45,2
validation-evening-00-m044-h2,validation-evening-00,validation,evening,200006,34,44,44,46,2
validation-evening-00-m045-h2,validation-evening-00,validation,evening,200006,35,45,45,47,2
validation-evening-00-m046-h2,validation-evening-00,validation,evening,200006,36,46,46,48,2
validation-evening-00-m047-h2,validation-evening-00,validation,evening,200006,37,47,47,49,2
validation-evening-00-m048-h2,validation-evening-00,validation,evening,200006,38,48,48,50,2
validation-evening-00-m049-h2,validation-evening-00,validation,evening,200006,39,49,49,51,2
validation-evening-00-m050-h2,validation-evening-00,validation,evening,200006,40,50,50,52,2
validation-evening-00-m051-h2,validation-evening-00,validation,evening,200006,41,51,51,53,2
validation-evening-00-m052-h2,validation-evening-00,validation,evening,200006,42,52,52,54,2
validation-evening-00-m053-h2,validation-evening-00,validation,evening,200006,43,53,53,55,2
validation-evening-00-m054-h2,validation-evening-00,validation,evening,200006,44,54,54,56,2
validation-evening-00-m055-h2,validation-evening-00,validation,evening,200006,45,55,55,57,2
validation-evening-00-m056-h2,validation-evening-00,validation,evening,200006,46,56,56,58,2
validation-evening-00-m057-h2,validation-evening-00,validation,evening,200006,47,57,57,59,2
validation-evening-00-m058-h2,validation-evening-00,validation,evening,200006,48,58,58,60,2
validation-evening-00-m059-h2,validation-evening-00,validation,evening,200006,49,59,59,61,2
validation-evening-00-m060-h2,validation-evening-00,validation,evening,200006,50,60,60,62,2
validation-evening-00-m061-h2,validation-evening-00,validation,evening,200006,51,61,61,63,2
validation-evening-00-m062-h2,validation-evening-00,validation,evening,200006,52,62,62,64,2
validation-evening-00-m063-h2,validation-evening-00,validation,evening,200006,53,63,63,65,2
validation-evening-00-m064-h2,validation-evening-00,validation,evening,200006,54,64,64,66,2
validation-evening-00-m065-h2,validation-evening-00,validation,evening,200006,55,65,65,67,2
validation-evening-00-m066-h2,validation-evening-00,validation,evening,200006,56,66,66,68,2
validation-evening-00-m067-h2,validation-evening-00,validation,evening,200006,57,67,67,69,2
validation-evening-00-m068-h2,validation-evening-00,validation,evening,200006,58,68,68,70,2
validation-evening-00-m069-h2,validation-evening-00,validation,evening,200006,59,69,69,71,2
validation-evening-00-m070-h2,validation-evening-00,validation,evening,200006,60,70,70,72,2
validation-evening-00-m071-h2,validation-evening-00,validation,evening,200006,61,71,71,73,2
validation-evening-00-m072-h2,validation-evening-00,validation,evening,200006,62,72,72,74,2
validation-evening-00-m073-h2,validation-evening-00,validation,evening,200006,63,73,73,75,2
validation-evening-01-m010-h2,validation-evening-01,validation,evening,200007,0,10,10,12,2
validation-evening-01-m011-h2,validation-evening-01,validation,evening,200007,1,11,11,13,2
validation-evening-01-m012-h2,validation-evening-01,validation,evening,200007,2,12,12,14,2
validation-evening-01-m013-h2,validation-evening-01,validation,evening,200007,3,13,13,15,2
validation-evening-01-m014-h2,validation-evening-01,validation,evening,200007,4,14,14,16,2
validation-evening-01-m015-h2,validation-evening-01,validation,evening,200007,5,15,15,17,2
validation-evening-01-m016-h2,validation-evening-01,validation,evening,200007,6,16,16,18,2
validation-evening-01-m017-h2,validation-evening-01,validation,evening,200007,7,17,17,19,2
validation-evening-01-m018-h2,validation-evening-01,validation,evening,200007,8,18,18,20,2
validation-evening-01-m019-h2,validation-evening-01,validation,evening,200007,9,19,19,21,2
validation-evening-01-m020-h2,validation-evening-01,validation,evening,200007,10,20,20,22,2
validation-evening-01-m021-h2,validation-evening-01,validation,evening,200007,11,21,21,23,2
validation-evening-01-m022-h2,validation-evening-01,validation,evening,200007,12,22,22,24,2
validation-evening-01-m023-h2,validation-evening-01,validation,evening,200007,13,23,23,25,2
validation-evening-01-m024-h2,validation-evening-01,validation,evening,200007,14,24,24,26,2
validation-evening-01-m025-h2,validation-evening-01,validation,evening,200007,15,25,25,27,2
validation-evening-01-m026-h2,validation-evening-01,validation,evening,200007,16,26,26,28,2
validation-evening-01-m027-h2,validation-evening-01,validation,evening,200007,17,27,27,29,2
validation-evening-01-m028-h2,validation-evening-01,validation,evening,200007,18,28,28,30,2
validation-evening-01-m029-h2,validation-evening-01,validation,evening,200007,19,29,29,31,2
validation-evening-01-m030-h2,validation-evening-01,validation,evening,200007,20,30,30,32,2
validation-evening-01-m031-h2,validation-evening-01,validation,evening,200007,21,31,31,33,2
validation-evening-01-m032-h2,validation-evening-01,validation,evening,200007,22,32,32,34,2
validation-evening-01-m033-h2,validation-evening-01,validation,evening,200007,23,33,33,35,2
validation-evening-01-m034-h2,validation-evening-01,validation,evening,200007,24,34,34,36,2
validation-evening-01-m035-h2,validation-evening-01,validation,evening,200007,25,35,35,37,2
validation-evening-01-m036-h2,validation-evening-01,validation,evening,200007,26,36,36,38,2
validation-evening-01-m037-h2,validation-evening-01,validation,evening,200007,27,37,37,39,2
validation-evening-01-m038-h2,validation-evening-01,validation,evening,200007,28,38,38,40,2
validation-evening-01-m039-h2,validation-evening-01,validation,evening,200007,29,39,39,41,2
validation-evening-01-m040-h2,validation-evening-01,validation,evening,200007,30,40,40,42,2
validation-evening-01-m041-h2,validation-evening-01,validation,evening,200007,31,41,41,43,2
validation-evening-01-m042-h2,validation-evening-01,validation,evening,200007,32,42,42,44,2
validation-evening-01-m043-h2,validation-evening-01,validation,evening,200007,33,43,43,45,2
validation-evening-01-m044-h2,validation-evening-01,validation,evening,200007,34,44,44,46,2
validation-evening-01-m045-h2,validation-evening-01,validation,evening,200007,35,45,45,47,2
validation-evening-01-m046-h2,validation-evening-01,validation,evening,200007,36,46,46,48,2
validation-evening-01-m047-h2,validation-evening-01,validation,evening,200007,37,47,47,49,2
validation-evening-01-m048-h2,validation-evening-01,validation,evening,200007,38,48,48,50,2
validation-evening-01-m049-h2,validation-evening-01,validation,evening,200007,39,49,49,51,2
validation-evening-01-m050-h2,validation-evening-01,validation,evening,200007,40,50,50,52,2
validation-evening-01-m051-h2,validation-evening-01,validation,evening,200007,41,51,51,53,2
validation-evening-01-m052-h2,validation-evening-01,validation,evening,200007,42,52,52,54,2
validation-evening-01-m053-h2,validation-evening-01,validation,evening,200007,43,53,53,55,2
validation-evening-01-m054-h2,validation-evening-01,validation,evening,200007,44,54,54,56,2
validation-evening-01-m055-h2,validation-evening-01,validation,evening,200007,45,55,55,57,2
validation-evening-01-m056-h2,validation-evening-01,validation,evening,200007,46,56,56,58,2
validation-evening-01-m057-h2,validation-evening-01,validation,evening,200007,47,57,57,59,2
validation-evening-01-m058-h2,validation-evening-01,validation,evening,200007,48,58,58,60,2
validation-evening-01-m059-h2,validation-evening-01,validation,evening,200007,49,59,59,61,2
validation-evening-01-m060-h2,validation-evening-01,validation,evening,200007,50,60,60,62,2
validation-evening-01-m061-h2,validation-evening-01,validation,evening,200007,51,61,61,63,2
validation-evening-01-m062-h2,validation-evening-01,validation,evening,200007,52,62,62,64,2
validation-evening-01-m063-h2,validation-evening-01,validation,evening,200007,53,63,63,65,2
validation-evening-01-m064-h2,validation-evening-01,validation,evening,200007,54,64,64,66,2
validation-evening-01-m065-h2,validation-evening-01,validation,evening,200007,55,65,65,67,2
validation-evening-01-m066-h2,validation-evening-01,validation,evening,200007,56,66,66,68,2
validation-evening-01-m067-h2,validation-evening-01,validation,evening,200007,57,67,67,69,2
validation-evening-01-m068-h2,validation-evening-01,validation,evening,200007,58,68,68,70,2
validation-evening-01-m069-h2,validation-evening-01,validation,evening,200007,59,69,69,71,2
validation-evening-01-m070-h2,validation-evening-01,validation,evening,200007,60,70,70,72,2
validation-evening-01-m071-h2,validation-evening-01,validation,evening,200007,61,71,71,73,2
validation-evening-01-m072-h2,validation-evening-01,validation,evening,200007,62,72,72,74,2
validation-evening-01-m073-h2,validation-evening-01,validation,evening,200007,63,73,73,75,2
validation-evening-02-m010-h2,validation-evening-02,validation,evening,200008,0,10,10,12,2
validation-evening-02-m011-h2,validation-evening-02,validation,evening,200008,1,11,11,13,2
validation-evening-02-m012-h2,validation-evening-02,validation,evening,200008,2,12,12,14,2
validation-evening-02-m013-h2,validation-evening-02,validation,evening,200008,3,13,13,15,2
validation-evening-02-m014-h2,validation-evening-02,validation,evening,200008,4,14,14,16,2
validation-evening-02-m015-h2,validation-evening-02,validation,evening,200008,5,15,15,17,2
validation-evening-02-m016-h2,validation-evening-02,validation,evening,200008,6,16,16,18,2
validation-evening-02-m017-h2,validation-evening-02,validation,evening,200008,7,17,17,19,2
validation-evening-02-m018-h2,validation-evening-02,validation,evening,200008,8,18,18,20,2
validation-evening-02-m019-h2,validation-evening-02,validation,evening,200008,9,19,19,21,2
validation-evening-02-m020-h2,validation-evening-02,validation,evening,200008,10,20,20,22,2
validation-evening-02-m021-h2,validation-evening-02,validation,evening,200008,11,21,21,23,2
validation-evening-02-m022-h2,validation-evening-02,validation,evening,200008,12,22,22,24,2
validation-evening-02-m023-h2,validation-evening-02,validation,evening,200008,13,23,23,25,2
validation-evening-02-m024-h2,validation-evening-02,validation,evening,200008,14,24,24,26,2
validation-evening-02-m025-h2,validation-evening-02,validation,evening,200008,15,25,25,27,2
validation-evening-02-m026-h2,validation-evening-02,validation,evening,200008,16,26,26,28,2
validation-evening-02-m027-h2,validation-evening-02,validation,evening,200008,17,27,27,29,2
validation-evening-02-m028-h2,validation-evening-02,validation,evening,200008,18,28,28,30,2
validation-evening-02-m029-h2,validation-evening-02,validation,evening,200008,19,29,29,31,2
validation-evening-02-m030-h2,validation-evening-02,validation,evening,200008,20,30,30,32,2
validation-evening-02-m031-h2,validation-evening-02,validation,evening,200008,21,31,31,33,2
validation-evening-02-m032-h2,validation-evening-02,validation,evening,200008,22,32,32,34,2
validation-evening-02-m033-h2,validation-evening-02,validation,evening,200008,23,33,33,35,2
validation-evening-02-m034-h2,validation-evening-02,validation,evening,200008,24,34,34,36,2
validation-evening-02-m035-h2,validation-evening-02,validation,evening,200008,25,35,35,37,2
validation-evening-02-m036-h2,validation-evening-02,validation,evening,200008,26,36,36,38,2
validation-evening-02-m037-h2,validation-evening-02,validation,evening,200008,27,37,37,39,2
validation-evening-02-m038-h2,validation-evening-02,validation,evening,200008,28,38,38,40,2
validation-evening-02-m039-h2,validation-evening-02,validation,evening,200008,29,39,39,41,2
validation-evening-02-m040-h2,validation-evening-02,validation,evening,200008,30,40,40,42,2
validation-evening-02-m041-h2,validation-evening-02,validation,evening,200008,31,41,41,43,2
validation-evening-02-m042-h2,validation-evening-02,validation,evening,200008,32,42,42,44,2
validation-evening-02-m043-h2,validation-evening-02,validation,evening,200008,33,43,43,45,2
validation-evening-02-m044-h2,validation-evening-02,validation,evening,200008,34,44,44,46,2
validation-evening-02-m045-h2,validation-evening-02,validation,evening,200008,35,45,45,47,2
validation-evening-02-m046-h2,validation-evening-02,validation,evening,200008,36,46,46,48,2
validation-evening-02-m047-h2,validation-evening-02,validation,evening,200008,37,47,47,49,2
validation-evening-02-m048-h2,validation-evening-02,validation,evening,200008,38,48,48,50,2
validation-evening-02-m049-h2,validation-evening-02,validation,evening,200008,39,49,49,51,2
validation-evening-02-m050-h2,validation-evening-02,validation,evening,200008,40,50,50,52,2
validation-evening-02-m051-h2,validation-evening-02,validation,evening,200008,41,51,51,53,2
validation-evening-02-m052-h2,validation-evening-02,validation,evening,200008,42,52,52,54,2
validation-evening-02-m053-h2,validation-evening-02,validation,evening,200008,43,53,53,55,2
validation-evening-02-m054-h2,validation-evening-02,validation,evening,200008,44,54,54,56,2
validation-evening-02-m055-h2,validation-evening-02,validation,evening,200008,45,55,55,57,2
validation-evening-02-m056-h2,validation-evening-02,validation,evening,200008,46,56,56,58,2
validation-evening-02-m057-h2,validation-evening-02,validation,evening,200008,47,57,57,59,2
validation-evening-02-m058-h2,validation-evening-02,validation,evening,200008,48,58,58,60,2
validation-evening-02-m059-h2,validation-evening-02,validation,evening,200008,49,59,59,61,2
validation-evening-02-m060-h2,validation-evening-02,validation,evening,200008,50,60,60,62,2
validation-evening-02-m061-h2,validation-evening-02,validation,evening,200008,51,61,61,63,2
validation-evening-02-m062-h2,validation-evening-02,validation,evening,200008,52,62,62,64,2
validation-evening-02-m063-h2,validation-evening-02,validation,evening,200008,53,63,63,65,2
validation-evening-02-m064-h2,validation-evening-02,validation,evening,200008,54,64,64,66,2
validation-evening-02-m065-h2,validation-evening-02,validation,evening,200008,55,65,65,67,2
validation-evening-02-m066-h2,validation-evening-02,validation,evening,200008,56,66,66,68,2
validation-evening-02-m067-h2,validation-evening-02,validation,evening,200008,57,67,67,69,2
validation-evening-02-m068-h2,validation-evening-02,validation,evening,200008,58,68,68,70,2
validation-evening-02-m069-h2,validation-evening-02,validation,evening,200008,59,69,69,71,2
validation-evening-02-m070-h2,validation-evening-02,validation,evening,200008,60,70,70,72,2
validation-evening-02-m071-h2,validation-evening-02,validation,evening,200008,61,71,71,73,2
validation-evening-02-m072-h2,validation-evening-02,validation,evening,200008,62,72,72,74,2
validation-evening-02-m073-h2,validation-evening-02,validation,evening,200008,63,73,73,75,2
validation-mixed-00-m010-h2,validation-mixed-00,validation,mixed,200009,0,10,10,12,2
validation-mixed-00-m011-h2,validation-mixed-00,validation,mixed,200009,1,11,11,13,2
validation-mixed-00-m012-h2,validation-mixed-00,validation,mixed,200009,2,12,12,14,2
validation-mixed-00-m013-h2,validation-mixed-00,validation,mixed,200009,3,13,13,15,2
validation-mixed-00-m014-h2,validation-mixed-00,validation,mixed,200009,4,14,14,16,2
validation-mixed-00-m015-h2,validation-mixed-00,validation,mixed,200009,5,15,15,17,2
validation-mixed-00-m016-h2,validation-mixed-00,validation,mixed,200009,6,16,16,18,2
validation-mixed-00-m017-h2,validation-mixed-00,validation,mixed,200009,7,17,17,19,2
validation-mixed-00-m018-h2,validation-mixed-00,validation,mixed,200009,8,18,18,20,2
validation-mixed-00-m019-h2,validation-mixed-00,validation,mixed,200009,9,19,19,21,2
validation-mixed-00-m020-h2,validation-mixed-00,validation,mixed,200009,10,20,20,22,2
validation-mixed-00-m021-h2,validation-mixed-00,validation,mixed,200009,11,21,21,23,2
validation-mixed-00-m022-h2,validation-mixed-00,validation,mixed,200009,12,22,22,24,2
validation-mixed-00-m023-h2,validation-mixed-00,validation,mixed,200009,13,23,23,25,2
validation-mixed-00-m024-h2,validation-mixed-00,validation,mixed,200009,14,24,24,26,2
validation-mixed-00-m025-h2,validation-mixed-00,validation,mixed,200009,15,25,25,27,2
validation-mixed-00-m026-h2,validation-mixed-00,validation,mixed,200009,16,26,26,28,2
validation-mixed-00-m027-h2,validation-mixed-00,validation,mixed,200009,17,27,27,29,2
validation-mixed-00-m028-h2,validation-mixed-00,validation,mixed,200009,18,28,28,30,2
validation-mixed-00-m029-h2,validation-mixed-00,validation,mixed,200009,19,29,29,31,2
validation-mixed-00-m030-h2,validation-mixed-00,validation,mixed,200009,20,30,30,32,2
validation-mixed-00-m031-h2,validation-mixed-00,validation,mixed,200009,21,31,31,33,2
validation-mixed-00-m032-h2,validation-mixed-00,validation,mixed,200009,22,32,32,34,2
validation-mixed-00-m033-h2,validation-mixed-00,validation,mixed,200009,23,33,33,35,2
validation-mixed-00-m034-h2,validation-mixed-00,validation,mixed,200009,24,34,34,36,2
validation-mixed-00-m035-h2,validation-mixed-00,validation,mixed,200009,25,35,35,37,2
validation-mixed-00-m036-h2,validation-mixed-00,validation,mixed,200009,26,36,36,38,2
validation-mixed-00-m037-h2,validation-mixed-00,validation,mixed,200009,27,37,37,39,2
validation-mixed-00-m038-h2,validation-mixed-00,validation,mixed,200009,28,38,38,40,2
validation-mixed-00-m039-h2,validation-mixed-00,validation,mixed,200009,29,39,39,41,2
validation-mixed-00-m040-h2,validation-mixed-00,validation,mixed,200009,30,40,40,42,2
validation-mixed-00-m041-h2,validation-mixed-00,validation,mixed,200009,31,41,41,43,2
validation-mixed-00-m042-h2,validation-mixed-00,validation,mixed,200009,32,42,42,44,2
validation-mixed-00-m043-h2,validation-mixed-00,validation,mixed,200009,33,43,43,45,2
validation-mixed-00-m044-h2,validation-mixed-00,validation,mixed,200009,34,44,44,46,2
validation-mixed-00-m045-h2,validation-mixed-00,validation,mixed,200009,35,45,45,47,2
validation-mixed-00-m046-h2,validation-mixed-00,validation,mixed,200009,36,46,46,48,2
validation-mixed-00-m047-h2,validation-mixed-00,validation,mixed,200009,37,47,47,49,2
validation-mixed-00-m048-h2,validation-mixed-00,validation,mixed,200009,38,48,48,50,2
validation-mixed-00-m049-h2,validation-mixed-00,validation,mixed,200009,39,49,49,51,2
validation-mixed-00-m050-h2,validation-mixed-00,validation,mixed,200009,40,50,50,52,2
validation-mixed-00-m051-h2,validation-mixed-00,validation,mixed,200009,41,51,51,53,2
validation-mixed-00-m052-h2,validation-mixed-00,validation,mixed,200009,42,52,52,54,2
validation-mixed-00-m053-h2,validation-mixed-00,validation,mixed,200009,43,53,53,55,2
validation-mixed-00-m054-h2,validation-mixed-00,validation,mixed,200009,44,54,54,56,2
validation-mixed-00-m055-h2,validation-mixed-00,validation,mixed,200009,45,55,55,57,2
validation-mixed-00-m056-h2,validation-mixed-00,validation,mixed,200009,46,56,56,58,2
validation-mixed-00-m057-h2,validation-mixed-00,validation,mixed,200009,47,57,57,59,2
validation-mixed-00-m058-h2,validation-mixed-00,validation,mixed,200009,48,58,58,60,2
validation-mixed-00-m059-h2,validation-mixed-00,validation,mixed,200009,49,59,59,61,2
validation-mixed-00-m060-h2,validation-mixed-00,validation,mixed,200009,50,60,60,62,2
validation-mixed-00-m061-h2,validation-mixed-00,validation,mixed,200009,51,61,61,63,2
validation-mixed-00-m062-h2,validation-mixed-00,validation,mixed,200009,52,62,62,64,2
validation-mixed-00-m063-h2,validation-mixed-00,validation,mixed,200009,53,63,63,65,2
validation-mixed-00-m064-h2,validation-mixed-00,validation,mixed,200009,54,64,64,66,2
validation-mixed-00-m065-h2,validation-mixed-00,validation,mixed,200009,55,65,65,67,2
validation-mixed-00-m066-h2,validation-mixed-00,validation,mixed,200009,56,66,66,68,2
validation-mixed-00-m067-h2,validation-mixed-00,validation,mixed,200009,57,67,67,69,2
validation-mixed-00-m068-h2,validation-mixed-00,validation,mixed,200009,58,68,68,70,2
validation-mixed-00-m069-h2,validation-mixed-00,validation,mixed,200009,59,69,69,71,2
validation-mixed-00-m070-h2,validation-mixed-00,validation,mixed,200009,60,70,70,72,2
validation-mixed-00-m071-h2,validation-mixed-00,validation,mixed,200009,61,71,71,73,2
validation-mixed-00-m072-h2,validation-mixed-00,validation,mixed,200009,62,72,72,74,2
validation-mixed-00-m073-h2,validation-mixed-00,validation,mixed,200009,63,73,73,75,2
validation-mixed-01-m010-h2,validation-mixed-01,validation,mixed,200010,0,10,10,12,2
validation-mixed-01-m011-h2,validation-mixed-01,validation,mixed,200010,1,11,11,13,2
validation-mixed-01-m012-h2,validation-mixed-01,validation,mixed,200010,2,12,12,14,2
validation-mixed-01-m013-h2,validation-mixed-01,validation,mixed,200010,3,13,13,15,2
validation-mixed-01-m014-h2,validation-mixed-01,validation,mixed,200010,4,14,14,16,2
validation-mixed-01-m015-h2,validation-mixed-01,validation,mixed,200010,5,15,15,17,2
validation-mixed-01-m016-h2,validation-mixed-01,validation,mixed,200010,6,16,16,18,2
validation-mixed-01-m017-h2,validation-mixed-01,validation,mixed,200010,7,17,17,19,2
validation-mixed-01-m018-h2,validation-mixed-01,validation,mixed,200010,8,18,18,20,2
validation-mixed-01-m019-h2,validation-mixed-01,validation,mixed,200010,9,19,19,21,2
validation-mixed-01-m020-h2,validation-mixed-01,validation,mixed,200010,10,20,20,22,2
validation-mixed-01-m021-h2,validation-mixed-01,validation,mixed,200010,11,21,21,23,2
validation-mixed-01-m022-h2,validation-mixed-01,validation,mixed,200010,12,22,22,24,2
validation-mixed-01-m023-h2,validation-mixed-01,validation,mixed,200010,13,23,23,25,2
validation-mixed-01-m024-h2,validation-mixed-01,validation,mixed,200010,14,24,24,26,2
validation-mixed-01-m025-h2,validation-mixed-01,validation,mixed,200010,15,25,25,27,2
validation-mixed-01-m026-h2,validation-mixed-01,validation,mixed,200010,16,26,26,28,2
validation-mixed-01-m027-h2,validation-mixed-01,validation,mixed,200010,17,27,27,29,2
validation-mixed-01-m028-h2,validation-mixed-01,validation,mixed,200010,18,28,28,30,2
validation-mixed-01-m029-h2,validation-mixed-01,validation,mixed,200010,19,29,29,31,2
validation-mixed-01-m030-h2,validation-mixed-01,validation,mixed,200010,20,30,30,32,2
validation-mixed-01-m031-h2,validation-mixed-01,validation,mixed,200010,21,31,31,33,2
validation-mixed-01-m032-h2,validation-mixed-01,validation,mixed,200010,22,32,32,34,2
validation-mixed-01-m033-h2,validation-mixed-01,validation,mixed,200010,23,33,33,35,2
validation-mixed-01-m034-h2,validation-mixed-01,validation,mixed,200010,24,34,34,36,2
validation-mixed-01-m035-h2,validation-mixed-01,validation,mixed,200010,25,35,35,37,2
validation-mixed-01-m036-h2,validation-mixed-01,validation,mixed,200010,26,36,36,38,2
validation-mixed-01-m037-h2,validation-mixed-01,validation,mixed,200010,27,37,37,39,2
validation-mixed-01-m038-h2,validation-mixed-01,validation,mixed,200010,28,38,38,40,2
validation-mixed-01-m039-h2,validation-mixed-01,validation,mixed,200010,29,39,39,41,2
validation-mixed-01-m040-h2,validation-mixed-01,validation,mixed,200010,30,40,40,42,2
validation-mixed-01-m041-h2,validation-mixed-01,validation,mixed,200010,31,41,41,43,2
validation-mixed-01-m042-h2,validation-mixed-01,validation,mixed,200010,32,42,42,44,2
validation-mixed-01-m043-h2,validation-mixed-01,validation,mixed,200010,33,43,43,45,2
validation-mixed-01-m044-h2,validation-mixed-01,validation,mixed,200010,34,44,44,46,2
validation-mixed-01-m045-h2,validation-mixed-01,validation,mixed,200010,35,45,45,47,2
validation-mixed-01-m046-h2,validation-mixed-01,validation,mixed,200010,36,46,46,48,2
validation-mixed-01-m047-h2,validation-mixed-01,validation,mixed,200010,37,47,47,49,2
validation-mixed-01-m048-h2,validation-mixed-01,validation,mixed,200010,38,48,48,50,2
validation-mixed-01-m049-h2,validation-mixed-01,validation,mixed,200010,39,49,49,51,2
validation-mixed-01-m050-h2,validation-mixed-01,validation,mixed,200010,40,50,50,52,2
validation-mixed-01-m051-h2,validation-mixed-01,validation,mixed,200010,41,51,51,53,2
validation-mixed-01-m052-h2,validation-mixed-01,validation,mixed,200010,42,52,52,54,2
validation-mixed-01-m053-h2,validation-mixed-01,validation,mixed,200010,43,53,53,55,2
validation-mixed-01-m054-h2,validation-mixed-01,validation,mixed,200010,44,54,54,56,2
validation-mixed-01-m055-h2,validation-mixed-01,validation,mixed,200010,45,55,55,57,2
validation-mixed-01-m056-h2,validation-mixed-01,validation,mixed,200010,46,56,56,58,2
validation-mixed-01-m057-h2,validation-mixed-01,validation,mixed,200010,47,57,57,59,2
validation-mixed-01-m058-h2,validation-mixed-01,validation,mixed,200010,48,58,58,60,2
validation-mixed-01-m059-h2,validation-mixed-01,validation,mixed,200010,49,59,59,61,2
validation-mixed-01-m060-h2,validation-mixed-01,validation,mixed,200010,50,60,60,62,2
validation-mixed-01-m061-h2,validation-mixed-01,validation,mixed,200010,51,61,61,63,2
validation-mixed-01-m062-h2,validation-mixed-01,validation,mixed,200010,52,62,62,64,2
validation-mixed-01-m063-h2,validation-mixed-01,validation,mixed,200010,53,63,63,65,2
validation-mixed-01-m064-h2,validation-mixed-01,validation,mixed,200010,54,64,64,66,2
validation-mixed-01-m065-h2,validation-mixed-01,validation,mixed,200010,55,65,65,67,2
validation-mixed-01-m066-h2,validation-mixed-01,validation,mixed,200010,56,66,66,68,2
validation-mixed-01-m067-h2,validation-mixed-01,validation,mixed,200010,57,67,67,69,2
validation-mixed-01-m068-h2,validation-mixed-01,validation,mixed,200010,58,68,68,70,2
validation-mixed-01-m069-h2,validation-mixed-01,validation,mixed,200010,59,69,69,71,2
validation-mixed-01-m070-h2,validation-mixed-01,validation,mixed,200010,60,70,70,72,2
validation-mixed-01-m071-h2,validation-mixed-01,validation,mixed,200010,61,71,71,73,2
validation-mixed-01-m072-h2,validation-mixed-01,validation,mixed,200010,62,72,72,74,2
validation-mixed-01-m073-h2,validation-mixed-01,validation,mixed,200010,63,73,73,75,2
validation-mixed-02-m010-h2,validation-mixed-02,validation,mixed,200011,0,10,10,12,2
validation-mixed-02-m011-h2,validation-mixed-02,validation,mixed,200011,1,11,11,13,2
validation-mixed-02-m012-h2,validation-mixed-02,validation,mixed,200011,2,12,12,14,2
validation-mixed-02-m013-h2,validation-mixed-02,validation,mixed,200011,3,13,13,15,2
validation-mixed-02-m014-h2,validation-mixed-02,validation,mixed,200011,4,14,14,16,2
validation-mixed-02-m015-h2,validation-mixed-02,validation,mixed,200011,5,15,15,17,2
validation-mixed-02-m016-h2,validation-mixed-02,validation,mixed,200011,6,16,16,18,2
validation-mixed-02-m017-h2,validation-mixed-02,validation,mixed,200011,7,17,17,19,2
validation-mixed-02-m018-h2,validation-mixed-02,validation,mixed,200011,8,18,18,20,2
validation-mixed-02-m019-h2,validation-mixed-02,validation,mixed,200011,9,19,19,21,2
validation-mixed-02-m020-h2,validation-mixed-02,validation,mixed,200011,10,20,20,22,2
validation-mixed-02-m021-h2,validation-mixed-02,validation,mixed,200011,11,21,21,23,2
validation-mixed-02-m022-h2,validation-mixed-02,validation,mixed,200011,12,22,22,24,2
validation-mixed-02-m023-h2,validation-mixed-02,validation,mixed,200011,13,23,23,25,2
validation-mixed-02-m024-h2,validation-mixed-02,validation,mixed,200011,14,24,24,26,2
validation-mixed-02-m025-h2,validation-mixed-02,validation,mixed,200011,15,25,25,27,2
validation-mixed-02-m026-h2,validation-mixed-02,validation,mixed,200011,16,26,26,28,2
validation-mixed-02-m027-h2,validation-mixed-02,validation,mixed,200011,17,27,27,29,2
validation-mixed-02-m028-h2,validation-mixed-02,validation,mixed,200011,18,28,28,30,2
validation-mixed-02-m029-h2,validation-mixed-02,validation,mixed,200011,19,29,29,31,2
validation-mixed-02-m030-h2,validation-mixed-02,validation,mixed,200011,20,30,30,32,2
validation-mixed-02-m031-h2,validation-mixed-02,validation,mixed,200011,21,31,31,33,2
validation-mixed-02-m032-h2,validation-mixed-02,validation,mixed,200011,22,32,32,34,2
validation-mixed-02-m033-h2,validation-mixed-02,validation,mixed,200011,23,33,33,35,2
validation-mixed-02-m034-h2,validation-mixed-02,validation,mixed,200011,24,34,34,36,2
validation-mixed-02-m035-h2,validation-mixed-02,validation,mixed,200011,25,35,35,37,2
validation-mixed-02-m036-h2,validation-mixed-02,validation,mixed,200011,26,36,36,38,2
validation-mixed-02-m037-h2,validation-mixed-02,validation,mixed,200011,27,37,37,39,2
validation-mixed-02-m038-h2,validation-mixed-02,validation,mixed,200011,28,38,38,40,2
validation-mixed-02-m039-h2,validation-mixed-02,validation,mixed,200011,29,39,39,41,2
validation-mixed-02-m040-h2,validation-mixed-02,validation,mixed,200011,30,40,40,42,2
validation-mixed-02-m041-h2,validation-mixed-02,validation,mixed,200011,31,41,41,43,2
validation-mixed-02-m042-h2,validation-mixed-02,validation,mixed,200011,32,42,42,44,2
validation-mixed-02-m043-h2,validation-mixed-02,validation,mixed,200011,33,43,43,45,2
validation-mixed-02-m044-h2,validation-mixed-02,validation,mixed,200011,34,44,44,46,2
validation-mixed-02-m045-h2,validation-mixed-02,validation,mixed,200011,35,45,45,47,2
validation-mixed-02-m046-h2,validation-mixed-02,validation,mixed,200011,36,46,46,48,2
validation-mixed-02-m047-h2,validation-mixed-02,validation,mixed,200011,37,47,47,49,2
validation-mixed-02-m048-h2,validation-mixed-02,validation,mixed,200011,38,48,48,50,2
validation-mixed-02-m049-h2,validation-mixed-02,validation,mixed,200011,39,49,49,51,2
validation-mixed-02-m050-h2,validation-mixed-02,validation,mixed,200011,40,50,50,52,2
validation-mixed-02-m051-h2,validation-mixed-02,validation,mixed,200011,41,51,51,53,2
validation-mixed-02-m052-h2,validation-mixed-02,validation,mixed,200011,42,52,52,54,2
validation-mixed-02-m053-h2,validation-mixed-02,validation,mixed,200011,43,53,53,55,2
validation-mixed-02-m054-h2,validation-mixed-02,validation,mixed,200011,44,54,54,56,2
validation-mixed-02-m055-h2,validation-mixed-02,validation,mixed,200011,45,55,55,57,2
validation-mixed-02-m056-h2,validation-mixed-02,validation,mixed,200011,46,56,56,58,2
validation-mixed-02-m057-h2,validation-mixed-02,validation,mixed,200011,47,57,57,59,2
validation-mixed-02-m058-h2,validation-mixed-02,validation,mixed,200011,48,58,58,60,2
validation-mixed-02-m059-h2,validation-mixed-02,validation,mixed,200011,49,59,59,61,2
validation-mixed-02-m060-h2,validation-mixed-02,validation,mixed,200011,50,60,60,62,2
validation-mixed-02-m061-h2,validation-mixed-02,validation,mixed,200011,51,61,61,63,2
validation-mixed-02-m062-h2,validation-mixed-02,validation,mixed,200011,52,62,62,64,2
validation-mixed-02-m063-h2,validation-mixed-02,validation,mixed,200011,53,63,63,65,2
validation-mixed-02-m064-h2,validation-mixed-02,validation,mixed,200011,54,64,64,66,2
validation-mixed-02-m065-h2,validation-mixed-02,validation,mixed,200011,55,65,65,67,2
validation-mixed-02-m066-h2,validation-mixed-02,validation,mixed,200011,56,66,66,68,2
validation-mixed-02-m067-h2,validation-mixed-02,validation,mixed,200011,57,67,67,69,2
validation-mixed-02-m068-h2,validation-mixed-02,validation,mixed,200011,58,68,68,70,2
validation-mixed-02-m069-h2,validation-mixed-02,validation,mixed,200011,59,69,69,71,2
validation-mixed-02-m070-h2,validation-mixed-02,validation,mixed,200011,60,70,70,72,2
validation-mixed-02-m071-h2,validation-mixed-02,validation,mixed,200011,61,71,71,73,2
validation-mixed-02-m072-h2,validation-mixed-02,validation,mixed,200011,62,72,72,74,2
validation-mixed-02-m073-h2,validation-mixed-02,validation,mixed,200011,63,73,73,75,2
